Rk,Team,Conf,G,Rec,AdjOE,AdjDE,Barthag,EFG%,EFGD%,TOR,TORD,ORB,DRB,FTR,FTRD,2P%,2P%D,3P%,3P%D,3PR,3PRD,Adj T.,WAB
1,Houston,B12,40,35-5,124.7,87.3,0.9836,51.7,44.8,14.2,20.9,36.9,28.6,27.2,34.2,47.8,44.5,39.4,30.2,34.7,43.4,61.8,11.5
,"   1 seed, Finals",,,,11,1,1,122,2,19,23,11,111,328,216,295,5,3,14,285,313,360,2
2,Duke,ACC,39,35-4,130.6,92,0.9824,57.9,44.4,14,17.1,34,27.3,32.9,25,57.9,43,38.6,31.1,44.6,38.3,66,9.5
,"   1 seed, Final Four",,,,1,4,2,3,1,16,172,54,58,182,17,8,3,7,37,58,157,272,5
3,Auburn,SEC,38,32-6,127.7,93,0.9746,54.9,46.1,13.6,17.4,34.2,29.7,33.9,38.7,55.7,46.8,35.9,29.8,40.8,35.3,68.3,12.7
,"   1 seed, Final Four",,,,4,9,3,34,11,7,150,50,173,152,310,33,29,66,9,136,60,133,1
4,Florida,SEC,40,36-4,127.8,94.2,0.9709,54.9,45.5,15.7,16.6,38.5,29,34.9,32.5,56.1,46.3,35.6,29.4,43.7,37.2,69.9,11.1
,"   1 seed, CHAMPS",,,,2,13,4,34,5,75,209,5,135,121,167,29,17,73,5,72,119,59,3
5,Alabama,SEC,37,28-9,127.7,96.6,0.9612,56.6,47.8,16.6,13.5,33.7,29.4,39.3,33.2,59.7,49,35.3,30.4,46.6,34.6,75.1,10.1
,"   2 seed, Elite Eight",,,,3,26,5,10,45,141,348,63,154,30,187,4,95,93,19,34,42,1,4
6,Tennessee,SEC,38,30-8,120.2,91.9,0.9563,52.5,45,16.1,17.7,35.6,30.3,35.5,28.2,54,46.6,33.8,28.7,43.4,44.6,63.9,9.3
,"   2 seed, Elite Eight",,,,18,3,6,94,4,104,129,22,210,103,58,66,25,175,3,79,333,345,6
7,Texas Tech,B12,37,28-9,126.1,97.6,0.9501,54.7,48.1,14.2,17.1,34.2,28.3,29.2,33.4,54.5,47.9,36.7,32.4,44.5,34.6,66.1,5.8
,"   3 seed, Elite Eight",,,,6,37,7,40,54,19,172,50,101,291,197,55,57,40,89,62,42,255,11
8,Gonzaga,WCC,35,26-9,124.8,96.7,0.9494,56,47.5,13.4,18,32.5,26.9,30.7,29.3,57.5,48.9,35.4,30.2,33.6,40.2,70.5,2.8
,"   8 seed, R32",,,,10,28,8,18,34,5,113,94,44,248,83,10,92,87,14,311,232,47,32
9,Maryland,B10,36,27-9,118.6,92.1,0.9484,53.6,47.1,14.3,20.1,30.7,28.2,33.1,26.1,52.2,47.8,37.3,30.6,35.4,36.2,69.7,5.2
,"   4 seed, Sweet Sixteen",,,,24,5,9,64,25,21,39,155,96,171,29,130,53,26,23,271,90,64,18
10,Arizona,B12,37,24-13,124.9,97.4,0.9459,53.3,48.9,16,16.2,36,27.9,35.8,29.8,54.7,47.5,33.8,34,34.7,41.3,70.3,5.4
,"   4 seed, Sweet Sixteen",,,,9,34,10,73,81,95,241,16,75,89,92,50,48,175,187,285,270,51,16
11,Iowa St.,B12,35,25-10,119.3,93.3,0.9441,54.9,48.9,17,21.6,32.2,27.9,37.9,29,55.5,47.8,35.8,33.6,36.8,40.9,68.8,5.4
,"   3 seed, R32",,,,21,10,11,34,81,172,15,105,75,42,78,36,53,68,160,235,254,108,17
12,Wisconsin,B10,37,27-10,123.1,96.8,0.941,53.8,48.1,14,14.5,28,26.7,34.2,27.7,55.2,46.9,34.8,33.3,48.2,39.1,67.9,6.6
,"   3 seed, R32",,,,13,29,12,56,54,16,331,235,41,144,49,41,32,120,138,16,189,155,10
13,Michigan St.,B10,37,30-7,117.3,92.3,0.9399,50.9,46.2,16.4,15.9,35.3,24.7,37.7,31.5,53,49.1,31.1,28,32.9,40.7,67.6,8.5
,"   2 seed, Elite Eight",,,,35,6,13,164,15,131,265,28,9,44,141,105,101,319,2,327,246,175,7
14,BYU,B12,36,26-10,126.8,100.2,0.9373,57,51.4,17.4,16.9,33.7,26.4,30.4,29.4,58.6,49.6,36.8,35.7,47.6,46.2,67.6,4.8
,"   6 seed, Sweet Sixteen",,,,5,64,14,6,206,196,187,63,32,259,85,5,119,35,288,24,349,179,22
15,Purdue,B10,36,24-12,125.6,99.4,0.9366,55.9,51.8,15.7,17.5,31.8,29.7,34.6,30.1,55.1,55.6,38.2,31.2,38.4,42.6,65.2,4.9
,"   4 seed, Sweet Sixteen",,,,8,53,15,21,228,75,146,121,173,130,105,45,332,14,40,182,298,301,21
16,St. John's,BE,36,31-5,113,90,0.9314,49.2,45.9,15.3,21.4,37.9,29.8,30.3,30.7,51,46,30.1,30.6,31,40.8,70.1,7.8
,"   2 seed, R32",,,,74,2,16,262,8,47,18,8,181,265,122,175,12,340,23,342,248,54,8
17,Kentucky,SEC,36,24-12,123.4,98.5,0.9305,55.9,50.3,15,14.1,28.2,26.4,35.2,30.6,55.6,53.9,37.5,30.5,41.2,43.7,70.9,5.6
,"   3 seed, Sweet Sixteen",,,,12,42,17,21,146,39,338,228,32,113,119,34,295,23,20,128,319,32,13
18,UCLA,B10,34,23-11,117.9,94.3,0.9288,52.8,50.1,15.9,22.8,32.7,29.8,32.3,33.9,52.8,50.7,35.2,32.8,36.5,45,65.1,3.9
,"   7 seed, R32",,,,29,15,18,82,132,86,5,89,181,194,206,111,167,98,113,245,337,303,27
19,Illinois,B10,35,22-13,122.5,98.5,0.9248,52.4,47.4,16,12.4,35.8,25.8,34.4,26.9,57.3,46.1,31.3,33.6,47.2,30.5,71.5,4
,"   6 seed, R32",,,,14,41,19,98,31,95,360,19,20,137,37,14,14,298,160,29,3,17,26
20,Missouri,SEC,34,22-12,125.9,101.2,0.9247,55.8,50.9,15.5,20.1,33.5,32.3,47.1,35.7,56.3,51.2,36.7,33.6,41.4,37.8,68.6,3.2
,"   6 seed, R64",,,,7,80,20,23,173,59,39,72,302,2,251,27,188,40,160,122,139,115,29
21,Kansas,B12,34,21-13,116,93.7,0.921,53.1,46.3,16.9,15.6,30.5,27.6,24.4,28.1,53,46.3,35.4,30.8,34.1,40.6,68.6,4.2
,"   7 seed, R64",,,,47,11,21,78,16,163,281,161,64,353,55,105,17,87,28,298,243,116,25
22,Michigan,B10,37,27-10,115.7,93.9,0.9166,53.8,46.1,19.6,15.8,33.2,30.2,35.7,28.4,56.7,46,33.2,30.8,42,39.1,70,6.8
,"   5 seed, Sweet Sixteen",,,,53,12,22,56,11,321,268,78,205,94,65,20,12,202,28,106,189,55,9
23,Texas A&M,SEC,34,23-11,116,94.2,0.9165,47.6,48.3,17.8,19.4,41.4,28,41.3,35.7,48.6,46.8,30.7,33.3,37.7,46.2,66.7,5.5
,"   4 seed, R32",,,,48,14,23,314,59,223,61,1,84,19,251,274,29,328,138,201,349,221,15
24,Louisville,ACC,35,27-8,118,95.9,0.9151,53.2,49.7,16.3,18.5,31.9,27.1,33.7,27.1,56.8,48.7,32.8,34.1,47.8,39.8,69.2,5.5
,"   8 seed, R64",,,,28,21,24,75,112,122,92,116,54,158,40,19,85,224,194,20,215,91,14
25,Mississippi,SEC,36,24-12,119.3,97,0.9146,51.4,50.5,12.9,20.2,25.5,30.4,35.3,39.3,51,51.8,34.8,32.5,40,43.5,68.1,4.9
,"   6 seed, Sweet Sixteen",,,,22,32,25,139,157,3,36,309,217,109,321,175,215,120,95,153,317,145,20
Rk,Team,Conf,G,Rec,AdjOE,AdjDE,Barthag,Efg%,EfgD%,TOR,TORD,ORB,DRB,FTR,FTRD,2P%,2P%D,3P%,3P%D,3PR,3PRD,Adj T.,WAB
26,Clemson,ACC,34,27-7,117.3,95.5,0.9137,53.4,48.8,15.8,20,33.7,30.4,28.3,27.8,52.2,49.5,36.9,31.9,38.8,38,64.6,4.8
,"   5 seed, R64",,,,34,18,26,70,73,82,43,63,217,316,51,130,115,33,70,176,146,330,23
27,Saint Mary's,WCC,35,29-6,114.1,93,0.9137,50.2,46.5,14.9,16.3,39.9,24.6,31.1,25,51.2,46.2,32.2,31.5,33.2,31.8,61.9,4.4
,"   7 seed, R32",,,,59,8,27,206,18,36,235,2,8,233,17,166,15,256,52,320,9,359,24
28,Oregon,B10,35,25-10,116.5,96.2,0.8998,52.5,48.9,16.2,17.5,30.5,29.1,33,27.5,53.1,49.7,34.4,31.7,38.3,37.8,68.1,5.8
,"   5 seed, R32",,,,42,23,28,94,81,110,146,161,141,178,47,99,123,144,61,186,139,140,12
29,Baylor,B12,35,20-15,121.3,100.3,0.899,51.1,52,15.9,18.6,36,30.9,30.5,33.7,50.9,50.8,34.3,35.9,40.1,41.4,64.7,2.1
,"   9 seed, R32",,,,15,68,29,149,239,86,88,16,237,254,201,181,173,151,306,149,274,321,38
30,Marquette,BE,34,23-11,116.5,97,0.8909,52,49.9,13.6,21.4,30,31,25.9,30.5,54.7,51.3,32.6,31.8,46.4,39.4,67.9,3.6
,"   7 seed, R64",,,,41,31,30,112,120,7,18,178,242,345,115,50,196,233,63,38,198,154,28
31,Creighton,BE,36,25-11,118.4,98.7,0.8904,56.1,47.2,17.9,11.6,26.4,27.2,28.6,17.2,60.4,46.2,34.5,32.6,48.9,35.3,67.4,3
,"   9 seed, R32",,,,27,43,31,17,26,228,361,278,55,310,1,2,15,137,101,11,60,186,31
32,VCU,A10,35,28-7,116,96.7,0.89,52.4,44.8,16.8,20.5,36.5,30.4,31.5,36.6,53.9,44.1,33.8,30.7,47.8,35.4,66.4,1
,"   11 seed, R64",,,,50,27,32,98,2,160,30,12,217,219,273,70,4,175,26,20,65,242,44
33,North Carolina,ACC,37,23-14,119.3,99.8,0.886,54.1,49.5,15.1,15.3,29.1,26.9,34.8,30.5,54.5,49.1,35.6,33.5,37.2,38.1,70.8,1.4
,"   11 seed, R64",,,,20,62,33,52,105,41,301,206,44,124,115,55,101,73,155,217,154,34,43
34,Georgia,SEC,33,20-13,115.7,97,0.8844,52.1,47.7,18.8,18,36,31.9,40.1,30.3,53.7,47.9,32.9,31.6,37,40.4,66.7,2
,"   9 seed, R64",,,,52,30,34,108,41,289,113,16,284,25,107,81,57,218,58,226,240,219,39
35,Mississippi St.,SEC,34,21-13,118.4,99.2,0.8842,51.9,51.8,15.3,18.9,33.9,29.9,31.5,35.3,55.5,50.3,31.4,35.8,42.7,44,68.2,3.1
,"   8 seed, R64",,,,26,50,35,116,228,47,75,57,186,219,238,36,143,295,298,89,322,136,30
36,Connecticut,BE,35,24-11,120.8,101.2,0.8841,55,48.1,17,15.7,35.5,27.8,30.8,41,57,45.8,34.8,35,42.7,34.2,64.1,2.3
,"   8 seed, R32",,,,17,79,36,33,54,172,275,25,74,245,342,16,10,120,246,89,34,339,35
37,West Virginia,B12,32,19-13,110.1,92.4,0.882,50,46.3,16.2,19.4,25.9,30.8,25.6,32.2,50.9,47.3,32.6,29.7,46.1,36.5,64.4,1.5
,,,,,106,7,37,222,16,110,61,296,232,347,161,181,45,233,8,44,98,331,41
38,Arkansas,SEC,36,22-14,113.7,95.5,0.8815,52.2,47.6,16.3,17.2,28.1,29.9,35.6,29.2,54.1,47.9,32.7,31.4,36.6,38.9,69.4,1.4
,"   10 seed, Sweet Sixteen",,,,64,17,38,103,36,122,168,230,186,97,81,61,57,230,49,241,182,74,42
39,Colorado St.,MWC,36,26-10,117.4,99,0.8767,55.5,48.5,17.2,16.7,27,25.8,31.6,33.2,56.4,47.7,36.3,33.2,42.8,38,66.1,0.8
,"   12 seed, R32",,,,33,48,39,25,63,180,197,262,20,211,187,25,52,53,130,86,146,259,48
40,Xavier,BE,34,22-12,116.8,99,0.8709,54.1,51,15.6,17.6,24.4,25.5,36.7,28.6,51.2,50.6,39.1,34.4,37.6,37.4,69.2,0.42
,"   11 seed, R64",,,,37,47,40,52,179,67,135,326,17,66,69,166,159,4,214,205,123,90,50
41,Ohio St.,B10,32,17-15,117.5,99.7,0.8691,53.5,48.6,15.6,16.8,28.9,30.5,35.8,39.9,52.6,50.3,36.8,30.5,37.7,37.6,67.3,-0.38
,,,,,31,57,41,67,68,67,191,213,221,89,329,113,143,35,20,201,131,194,56
42,New Mexico,MWC,35,27-8,112.3,95.4,0.8669,50.8,49.2,15.7,20.3,31.3,25.8,37.3,35,50.7,48.2,34,33.8,31.7,38.3,72.9,2.7
,"   10 seed, R32",,,,80,16,42,170,94,75,32,133,20,53,229,188,68,164,175,336,157,6,33
43,Vanderbilt,SEC,33,20-13,118.6,101.1,0.862,51.5,52.7,14.5,19.8,31.6,29.7,33.4,38.5,53.5,51.4,32.5,36.6,40.4,37.7,69.7,1.6
,"   10 seed, R64",,,,25,78,43,134,270,25,49,124,173,167,306,86,201,241,327,142,134,66,40
44,Cincinnati,B12,35,19-16,111.9,95.6,0.8589,51.1,48.8,15.5,19.6,32.2,29.5,23.1,24.9,52.6,48.3,32.4,33,38.3,34.6,65.9,-1
,,,,,89,19,44,149,73,59,54,105,162,360,16,113,74,247,121,186,42,275,61
45,Texas,SEC,35,19-16,117.4,101,0.8497,52.6,48.9,14.3,16.4,29.7,29.4,36.8,38.9,51.7,47.8,36.2,33.8,35.3,36.4,67.6,0.15
,"   11 seed, R68",,,,32,75,45,90,81,21,221,190,154,63,312,146,53,56,175,272,95,182,51
46,Santa Clara,WCC,34,21-13,116.6,100.3,0.8495,56,49.5,16.7,16.6,32.7,26.7,28.4,31.3,54.9,51.2,38.2,31.3,46.4,39.7,69.2,-3.3
,,,,,40,67,46,18,105,151,209,89,41,314,131,48,188,14,47,38,208,82,84
47,Northwestern,B10,33,17-16,113.6,97.9,0.8476,49.8,49.9,14.9,19.8,31.2,30.1,31.3,36.6,49.7,49.4,33.3,33.8,34.2,39.3,65.2,-2.2
,,,,,65,40,47,232,120,36,49,136,201,226,273,236,110,197,175,297,197,299,70
48,Boise St.,MWC,37,26-11,116.1,100.2,0.8443,52.6,50.4,16.4,16.4,32.7,22.5,37.6,31.4,56.4,49,31.7,35.2,42.9,37.1,66,0.01
,,,,,46,65,48,90,151,131,221,89,3,46,135,25,95,277,261,83,114,270,54
49,UC San Diego,BW,35,30-5,113,97.5,0.8439,55.1,47.8,13.4,23.3,25.6,28.6,33.4,29.9,56,46.3,36.1,33.1,49.6,44.4,66,0.9
,"   12 seed, R64",,,,73,36,49,31,45,5,2,307,111,167,95,30,17,59,125,8,328,267,47
50,Indiana,B10,32,19-13,113.1,97.7,0.8435,51.1,49.8,16.7,16.4,31.5,28.1,33.1,29.6,52.6,50.3,32.1,32.7,33.2,38.9,68.3,0.9
,,,,,71,38,50,149,117,151,221,127,91,171,89,113,143,264,108,320,182,134,46
Rk,Team,Conf,G,Rec,AdjOE,AdjDE,Barthag,Efg%,EfgD%,TOR,TORD,ORB,DRB,FTR,FTRD,2P%,2P%D,3P%,3P%D,3PR,3PRD,Adj T.,WAB
51,Oklahoma,SEC,34,20-14,116.8,100.9,0.8435,54.4,51,17.3,18.2,26.6,31.8,39.9,35.7,54.1,55,36.5,30.3,41.6,42,68.7,2.2
,"   9 seed, R64",,,,38,71,51,50,179,189,103,273,277,26,251,61,323,46,16,115,284,111,37
52,Drake,MVC,35,31-4,113.1,97.7,0.8428,53.9,51.4,18.4,21.8,35.3,25.7,42.7,36.7,54.1,54.4,35.6,31.2,36.2,38.6,59.1,2.7
,"   11 seed, R32",,,,69,39,52,55,206,263,12,28,19,12,276,61,306,73,40,254,170,364,34
53,Villanova,BE,36,21-15,119,102.9,0.8422,54.5,51.1,15.3,15.8,30.3,27.7,29.2,30.4,51.3,50.5,39,34.5,43.7,45.8,63.5,-2.9
,,,,,23,99,53,47,187,47,268,168,67,291,110,161,153,5,220,72,342,351,75
54,Utah St.,MWC,34,26-8,121.3,105.4,0.8336,55.3,51.9,16,20.1,34.7,30.3,37,35.6,57.5,52.7,34.9,34,42.6,44.4,67.7,2.3
,"   10 seed, R64",,,,16,148,54,27,233,95,39,37,210,58,248,10,257,117,187,92,328,170,36
55,SMU,ACC,35,24-11,116.2,101.1,0.8321,54.5,48.1,17.2,17.9,36.3,29.9,36.7,32.7,53.3,47,37.8,33.1,35.1,41.1,69.2,-0.48
,,,,,45,76,55,47,54,180,118,14,186,66,168,89,37,20,125,278,262,81,59
56,USC,B10,35,17-18,116.6,101.5,0.8311,54.8,51.9,17.7,17.7,27.9,30.2,35.5,34.6,54.8,53.4,36.5,33,34.8,38.7,68.6,-3.2
,,,,,39,87,56,38,233,214,129,238,205,103,221,49,278,46,121,282,174,118,83
57,Nebraska,B10,35,21-14,113.4,98.8,0.8295,52.1,50.5,16.2,17.6,27.1,28.5,35.5,26.6,53.2,50.3,33.5,33.9,38.5,45.9,67.9,-0.9
,,,,,67,44,57,108,157,110,135,260,107,103,35,95,143,190,183,179,345,157,60
58,McNeese St.,Slnd,35,28-7,113.9,99.7,0.8216,53,47.7,16.2,21.7,34.5,31.7,35.3,31.9,53.1,46.9,35.2,32.4,36.6,46.9,65.8,-0.39
,"   12 seed, R32",,,,63,58,58,80,41,110,14,43,273,109,152,99,32,98,89,241,352,281,57
59,Kansas St.,B12,33,16-17,109.3,96.1,0.8147,50.6,49,17.7,18.1,29.4,31.7,27.6,28.6,51.8,49.9,32.5,31.5,40.2,35.7,67.3,-2.5
,,,,,116,22,59,182,87,214,110,198,273,325,69,142,132,241,52,147,76,199,71
60,San Diego St.,MWC,31,21-10,108.9,95.8,0.8132,50.5,45.9,16.8,19.5,29.2,31,32.3,37.4,51.5,45.1,32.6,31.2,39.6,47.1,66.1,1
,"   11 seed, R68",,,,125,20,60,191,8,160,59,204,242,194,294,150,8,233,40,164,354,258,45
61,Penn St.,B10,31,16-15,114.4,100.8,0.8106,54.1,51.9,17.4,19.8,28.6,29.1,37.9,29.4,55.6,51.2,34.3,35.3,36.2,38.3,70.4,-3.2
,,,,,58,69,61,52,233,196,49,221,141,42,85,34,188,151,270,254,157,48,82
62,Liberty,CUSA,35,28-7,112.1,99.1,0.8053,57.8,46.5,15.4,17,19,28.1,30.3,26,57.5,48.3,38.7,28.7,48.2,34.5,65.7,-0.16
,"   12 seed, R64",,,,86,49,62,4,18,53,182,361,91,265,28,10,74,6,3,16,40,283,55
63,Memphis,Amer,35,29-6,112.1,99.3,0.8015,53.5,48.6,19.3,18.9,35.3,32.3,39.3,33.9,52,48.6,37.6,32.4,33.3,41,70.9,5
,"   5 seed, R64",,,,84,51,63,67,68,308,75,28,302,30,206,139,84,22,89,316,258,31,19
64,Iowa,B10,33,17-16,120,106.5,0.7969,56.8,54.4,13.7,17.9,25.1,32.2,26,28.3,56.6,56.2,38,34.4,41,38.8,70.1,-1.9
,,,,,19,174,64,8,329,9,118,316,297,343,62,21,342,19,214,131,178,53,68
65,San Francisco,WCC,35,25-10,111.2,98.8,0.796,52.8,48.5,16.7,17.8,29,27.7,34.7,36.4,54.1,52.2,34.1,27.9,43.7,35.5,68.1,0.13
,,,,,92,45,65,82,63,151,122,208,67,126,266,61,237,159,1,72,70,141,52
66,Rutgers,B10,32,15-17,116.4,104,0.7862,50.6,52.8,15.4,17.4,30.8,32.2,36.2,30.5,51.3,52.9,32.9,35.1,36.3,37.7,68.9,-3
,,,,,44,112,66,182,272,53,150,153,297,77,115,161,260,218,254,250,134,103,78
67,Arizona St.,B12,33,13-20,113.3,101.3,0.7836,51.5,50.7,17.6,16.1,25.1,30.3,36.2,31.4,50,51.7,35.6,32.9,42.6,40.3,68.8,-3.1
,,,,,68,82,67,134,163,209,250,316,210,77,135,218,211,73,116,92,237,106,79
68,Utah,B12,33,16-17,112.7,100.8,0.7827,51.8,49,17.8,15.6,34.4,28.2,36.8,33.3,54,47.6,32.7,34,43.9,40.3,69.2,-2.9
,,,,,75,70,68,119,87,223,281,46,96,63,192,66,50,230,187,70,237,89,76
69,UCF,B12,37,20-17,116,104,0.7785,49.7,51.1,16.6,17.7,31.9,34.2,35.6,31.1,48.9,52.1,33.8,32.8,41.7,37.4,72,-2
,,,,,49,113,69,238,187,141,129,116,343,97,127,267,233,175,113,111,123,12,69
70,North Texas,Amer,36,27-9,109.7,98.9,0.7681,51.1,47.3,16.7,19.6,32.7,28.1,35.3,37,49.3,47.9,36.1,30.8,36.4,38,60.8,-1.7
,,,,,113,46,70,149,28,151,54,89,91,109,282,254,57,59,28,246,146,362,65
71,Wake Forest,ACC,32,21-11,107.7,97.4,0.7608,49.4,47.2,16.7,19.7,26.8,31.5,36.1,31.5,52.9,48.2,28.5,30.7,35.2,45.8,67.4,0.6
,,,,,147,35,71,252,26,151,53,269,263,81,141,108,68,359,26,275,342,190,49
72,Pittsburgh,ACC,32,17-15,113.9,103.1,0.7599,52.2,51.1,14.8,18.3,29,29.9,34.2,32.8,52.4,50.4,34.6,34.7,41.4,41.3,66.7,-3.8
,,,,,62,102,72,103,187,33,96,208,186,144,172,122,150,131,228,122,270,222,86
73,George Mason,A10,36,27-9,106.3,96.3,0.7577,51.7,45.6,19.8,19.2,31.8,29.3,42.7,31.4,50.9,45,35.4,31,36.4,46.2,65,-0.4
,,,,,184,24,73,122,6,329,65,121,152,12,135,181,7,87,33,246,349,311,58
74,TCU,B12,32,16-16,106.3,96.3,0.7562,46.8,50.9,17.3,19.5,33,29.6,33.5,28.3,47.8,53.4,30,31.6,34.7,42.5,66.7,-1.7
,,,,,186,25,74,330,173,189,59,82,165,165,62,295,278,342,58,285,297,224,66
75,South Carolina,SEC,32,20-Dec,110.1,99.8,0.7558,48.9,51.5,18.4,15.6,30.4,27.3,43.3,30.4,49.8,51.1,31.6,34.8,39,34.6,65.7,-5.5
,,,,,105,60,75,270,217,263,281,166,58,9,110,226,184,285,236,174,42,287,118
Rk,Team,Conf,G,Rec,AdjOE,AdjDE,Barthag,Efg%,EfgD%,TOR,TORD,ORB,DRB,FTR,FTRD,2P%,2P%D,3P%,3P%D,3PR,3PRD,Adj T.,WAB
76,Stanford,ACC,35,21-14,112.5,102.5,0.7449,50.7,50.5,15.6,17.4,30.9,28.4,29.9,35.5,50.2,50.7,34.2,33.4,41.7,33.7,66.4,-2.7
,,,,,77,95,76,174,157,67,150,150,104,274,244,211,167,156,149,111,28,244,74
77,Butler,BE,35,15-20,117,106.7,0.7423,53.7,50.1,16.2,11.4,26.1,28.9,36.8,21.3,52.4,51.5,37,31.8,41.6,37.1,67.8,-6.1
,,,,,36,179,77,59,132,110,362,289,130,63,3,122,203,31,63,115,114,160,123
78,Yale,Ivy,30,22-8,114,104.1,0.7395,54.7,49.1,14.5,16.1,32.7,25.9,31.8,28.9,53.3,48.2,38.4,33.4,32.2,47.8,67.7,-2.6
,"   13 seed, R64",,,,61,116,78,40,90,25,250,89,24,204,75,89,68,10,149,333,358,173,73
79,Dayton,A10,34,23-11,114.9,105.4,0.7305,53,51.1,15.5,17.6,29.4,28.6,37.4,31.4,52.1,52.5,36.1,32.9,41,42.4,66.1,-1.6
,,,,,56,146,79,80,187,59,135,198,111,51,135,135,247,59,116,131,294,265,62
80,LSU,SEC,32,14-18,108.7,99.8,0.7269,51.1,48.3,18.6,16.5,29.5,34.3,32.5,29.5,55.2,48.2,30.5,32.3,43.5,35.8,68.4,-3.9
,,,,,129,61,80,149,59,276,217,196,345,191,88,41,68,333,83,77,80,127,88
81,High Point,BSth,35,29-6,117.7,108.2,0.7258,56.3,49.1,15.3,16.4,33.6,30.6,37.2,36.3,57.3,48.9,36.6,32.9,39.4,35.6,66.6,-1.7
,"   13 seed, R64",,,,30,210,81,12,90,47,221,69,225,56,263,14,92,43,116,168,72,226,67
82,Colorado,B12,35,14-21,108.4,99.6,0.7251,50.4,49.9,21,16.2,29.2,28.3,35.8,34.4,51.8,49.1,32.1,34.1,37.3,39.4,67.9,-4.4
,,,,,134,56,82,194,120,352,241,204,101,89,219,142,101,264,194,215,198,151,99
83,Saint Joseph's,A10,35,22-13,109.7,100.9,0.723,51.6,46.9,16.4,16.2,30.3,27.9,31.7,25.9,52.8,45.3,33.5,33.4,46.5,32.9,68.3,-4.8
,,,,,112,72,83,130,21,131,241,168,75,209,26,111,9,190,149,36,23,130,108
84,Minnesota,B10,32,15-17,110.2,101.4,0.7218,49.9,50.1,16.6,16.3,30.2,30.6,31.5,33,50.7,49.2,32.2,34.5,35.9,34.3,63,-3.9
,,,,,104,85,84,226,132,141,235,173,225,219,178,188,105,256,220,262,36,357,87
85,UC Irvine,BW,39,32-7,105.8,97.4,0.7218,51.7,45.8,18,17.2,27.9,26.5,36,22.4,50.7,42.8,35.6,33.9,35.3,37.3,69.2,0.12
,,,,,194,33,85,122,7,236,168,238,36,82,8,188,2,73,183,272,120,87,53
86,Bradley,MVC,37,28-9,111.8,103.1,0.7161,56.7,47.7,17.4,15.6,26.1,28,32.4,35,54.6,47.2,39.7,32.3,42.3,42.9,66,-1.6
,,,,,90,104,86,9,41,196,281,289,84,192,229,53,42,2,83,95,303,271,63
87,Oklahoma St.,B12,35,17-18,108,99.7,0.7154,48.6,53,19,20.3,31.1,29.6,41,36.4,48,53.1,33.1,35.3,34.7,42.6,71.8,-3.4
,,,,,136,59,87,282,277,294,32,142,165,23,266,290,268,206,270,285,298,13,85
88,Arkansas St.,SB,36,25-11,111,102.7,0.7097,49.6,46.1,14.7,17,33.7,30.3,33.1,37.1,50.6,46.4,32.2,30.3,44.6,35.1,70,-4.4
,,,,,95,96,88,245,11,30,182,63,210,171,285,196,22,256,16,58,54,57,100
89,Nevada,MWC,33,17-16,112.2,104.2,0.7013,53.7,51.3,15.5,18.7,27.4,26.5,37.3,37.9,55.3,49.5,34.1,35.7,37.5,44.7,64.1,-6.5
,,,,,82,118,89,59,203,59,84,253,36,53,298,39,115,159,288,210,334,337,134
90,Grand Canyon,WAC,34,26-8,107.9,100.2,0.7011,50.7,47.3,18.5,20.3,32.4,28.9,43.6,32.4,52.6,46.7,31.3,32.3,33.8,34.1,71.5,-2.5
,"   13 seed, R64",,,,141,63,90,174,28,271,32,100,130,8,163,113,26,298,83,307,30,18,72
91,Oregon St.,WCC,33,20-13,115.8,108,0.6921,54.5,51,16.7,16.4,32,27.7,38.7,31.8,54.7,50.1,36.1,34.8,35.8,41.1,64,-4.2
,,,,,51,204,91,47,179,151,221,111,67,35,148,50,139,59,236,263,262,342,96
92,UNLV,MWC,33,18-15,106.7,99.5,0.6915,49.7,49.3,16.2,17.8,27.3,29.8,35.8,32,49.6,50.5,33.3,31.9,34.6,43.4,66,-5.1
,,,,,167,55,92,238,99,110,122,256,181,89,155,241,153,197,70,292,313,268,112
93,Loyola Chicago,A10,37,25-12,108.9,101.8,0.6863,52.7,48.8,17.2,17.3,29.3,27.7,31.6,33.3,53.9,47.6,34,33.7,42.9,39.5,67.1,-4.7
,,,,,123,92,93,88,73,180,161,201,67,211,192,70,50,164,169,83,204,210,106
94,UAB,Amer,37,24-13,116.5,108.9,0.6831,50.2,51.2,13.8,15.2,37.7,30.3,31.3,28.5,49.8,50.4,34,35,29.3,34.7,69.5,-6.1
,,,,,43,232,94,206,194,12,306,9,210,226,68,226,150,164,246,353,47,69,124
95,Florida St.,ACC,32,17-15,107.8,100.9,0.6799,50.7,48.5,17.4,19.1,29.7,31.8,39.4,37.5,52.3,48.9,31.7,32,33.7,42.1,69.9,-5.3
,,,,,144,74,95,174,63,196,68,190,277,29,295,128,92,277,76,308,289,60,115
96,Georgetown,BE,34,18-16,107.6,101.1,0.6718,50.4,49.7,17,19.3,31.6,28.9,25.6,29.7,51.5,49.2,32.3,33.6,38.1,39.6,68.5,-4.6
,,,,,149,77,96,194,112,172,64,124,130,347,91,150,105,251,160,192,207,122,103
97,Virginia,ACC,32,15-17,111.4,104.7,0.6693,52.7,50.8,16.4,15.7,22.4,29.7,26.4,28.8,49.9,50.6,37.5,34.1,42.8,38.7,61.2,-5.7
,,,,,91,133,97,88,169,131,275,349,173,337,73,221,159,23,194,86,174,361,120
98,Troy,SB,34,23-11,106.5,100.3,0.6676,49.8,47.5,19.8,19.6,38.1,31.7,37,29.2,53.6,46.5,30.1,32.8,45,38.3,66.4,-4.1
,"   14 seed, R64",,,,177,66,98,232,34,329,54,7,273,58,81,84,23,340,113,56,157,239,94
99,St. Bonaventure,A10,34,22-12,105.7,99.4,0.6675,49.9,50,15.9,18.9,27.6,27,30.6,24.4,51.5,50.8,31.3,32.7,35.2,47.1,64.7,-4.2
,,,,,196,54,99,226,126,86,75,246,49,252,13,150,173,298,108,275,354,322,95
100,Akron,MAC,35,28-7,113.5,106.9,0.6659,54.9,50.1,16.4,17.3,32.5,29.4,27,33.1,55.2,51,36.4,32.4,45.2,38,71.5,-1.6
,"   13 seed, R64",,,,66,182,100,34,132,131,161,94,154,330,183,41,180,49,89,53,146,19,64
Rk,Team,Conf,G,Rec,AdjOE,AdjDE,Barthag,Efg%,EfgD%,TOR,TORD,ORB,DRB,FTR,FTRD,2P%,2P%D,3P%,3P%D,3PR,3PRD,Adj T.,WAB
101,Notre Dame,ACC,33,15-18,110.4,104.1,0.6625,51.7,51.4,16.5,14.9,29.6,26,31.8,30,50.8,53.6,35.5,32.1,37.5,40.5,64.9,-7.1
,,,,,102,115,101,122,206,139,320,194,27,204,100,184,286,83,77,210,242,314,143
102,Georgia Tech,ACC,34,17-17,106.9,100.9,0.6588,50.2,49.3,17.4,15.8,30.3,28.6,30.7,28.1,49.5,46.9,34.3,35.1,36.8,40.8,69,-5.2
,,,,,160,73,102,206,99,196,268,168,111,248,55,245,32,151,254,235,248,96,114
103,Washington St.,WCC,34,19-15,113.1,106.9,0.6563,56.6,51.2,20.3,17.1,31.1,33.6,32.7,32.1,58.2,51.7,36.2,33.6,41.3,39.1,71,-4.7
,,,,,70,183,103,10,194,338,172,142,329,188,160,6,211,56,160,126,189,29,104
104,Northern Iowa,MVC,33,20-13,108.6,102.9,0.6504,55.2,51.4,15.9,17.4,24.9,25.3,35.1,28.2,55.2,50,36.8,35.6,36.3,40.8,65.4,-6.2
,,,,,130,101,104,28,206,86,150,321,14,115,58,41,135,35,285,250,248,293,128
105,New Mexico St.,CUSA,32,17-15,104.8,99.3,0.6496,46.2,46.9,15.6,15,32.5,27.7,34.5,39.2,46.1,48.8,30.9,29.5,37,42.8,65,-8.4
,,,,,211,52,105,337,21,67,314,94,67,133,317,331,88,325,6,226,301,309,168
106,Lipscomb,ASun,35,25-10,110,104.3,0.6477,55.6,49.1,14.7,15.9,23.7,26.6,31.2,22,56.5,50.5,36.4,31.2,47.6,37,66.4,-4.1
,"   14 seed, R64",,,,108,123,106,24,90,30,265,335,38,230,4,23,153,49,40,24,111,238,93
107,Providence,BE,32,20-Dec,110.8,105.1,0.6468,52.1,49.5,19,13.8,33.2,28.7,29.6,32.8,51.1,49,35.6,33.5,45.5,37,66.5,-8.5
,,,,,98,139,107,108,105,294,344,78,117,284,172,169,95,73,155,50,111,236,170
108,UNC Wilmington,CAA,35,27-8,112.3,106.7,0.6447,52.1,50.8,16,17.1,35.1,28.2,37.4,30.4,53.7,50.7,32.8,34,36.4,43.5,65.7,-3.2
,"   14 seed, R64",,,,79,178,108,108,169,95,172,36,96,51,110,81,167,224,187,246,317,284,81
109,Syracuse,ACC,33,14-19,111,105.6,0.6402,51,52.9,17.9,14,31.4,26.1,33.1,33,51.9,53.6,32.8,34.5,32.7,38.1,68.4,-7.8
,,,,,94,151,109,161,275,228,341,130,29,171,178,140,286,224,220,330,154,125,156
110,Washington,B10,31,13-18,109.8,104.5,0.6372,50.6,53,17.5,16.7,27.5,28.5,34.5,36.2,50.1,53.3,34.4,35.1,35.7,35.4,68,-4.9
,,,,,110,128,110,182,277,205,197,250,107,133,261,216,271,144,254,268,65,149,109
111,St. Thomas,Sum,34,24-10,114.1,108.9,0.6301,57.8,52.5,13.7,18.5,21.5,31.2,34,35.9,58.1,52.1,38.3,35.4,46.8,41.3,68.1,-5.1
,,,,,60,230,111,4,258,9,92,354,252,150,256,7,233,12,275,32,270,142,113
112,Kent St.,MAC,36,24-12,106.5,101.7,0.6293,48.7,48.4,17.3,18.3,35.3,27.6,30.2,37.9,49.8,49.6,31.2,31.2,37,42.2,66.4,-5.7
,,,,,176,91,112,278,62,189,96,28,64,270,298,226,119,308,40,226,290,243,119
113,Utah Valley,WAC,34,25-9,106.9,102.2,0.6268,50.6,47.6,17.3,16.9,30.9,26.6,42,31.5,51.5,45.9,32.5,34,31.2,33.5,68.3,-3.1
,,,,,159,94,113,182,36,189,187,150,38,16,141,150,11,241,187,341,26,131,80
114,DePaul,BE,34,14-20,108.8,104.2,0.623,52.5,51.6,18.1,15.5,26.9,28.7,27.8,28.6,53.3,51.3,34.4,34.7,46.2,35.4,67.6,-7.4
,,,,,126,119,114,94,220,246,288,266,117,324,69,89,196,144,228,41,65,180,150
115,Florida Atlantic,Amer,34,18-16,112.5,107.7,0.6228,53.4,50.1,16.3,16,30.7,31.5,33.3,33.3,53.9,47,35.1,37.1,40.3,35.8,69.2,-7.8
,,,,,78,195,115,70,132,122,258,155,263,169,192,70,37,105,340,145,80,85,155
116,N.C. State,ACC,31,19-Dec,107.7,103.2,0.6223,48.3,51,14.4,18.6,28.8,32.5,32.3,32.2,48.3,50.8,32.2,34.3,36.2,32.6,65.5,-8.9
,,,,,146,106,116,293,179,24,88,215,308,194,161,284,173,256,210,254,16,291,181
117,Northern Colorado,BSky,35,25-10,112.2,107.4,0.6209,57,52.3,15.9,15.4,25.8,22.4,33,35.2,57.9,51.9,37,35.4,37.5,34.3,68.9,-4.1
,,,,,83,190,117,6,248,86,296,302,2,178,234,8,221,31,275,210,36,101,92
118,Middle Tennessee,CUSA,34,22-12,108.8,104.4,0.6163,50.9,48.9,16.6,16,30.7,28.7,32.4,31.2,53.3,49.8,31.5,31.5,39.6,35.7,68.6,-4.1
,,,,,127,125,118,164,81,141,258,155,117,192,129,89,129,290,52,164,76,120,91
119,Chattanooga,SC,38,29-9,115.2,110.6,0.6157,56.2,51.8,14.7,16.2,25.5,28.9,30.9,33.9,57.5,51.1,36.5,35.1,45.6,41,66.8,-4
,,,,,55,258,119,16,228,30,241,309,130,241,206,10,184,46,254,46,258,216,89
120,George Washington,A10,34,21-13,107.1,103.1,0.6074,50.6,48.7,18.6,19.2,31.5,32.5,41,26.2,53.2,49.4,31.3,31.8,42.2,38.7,67.4,-6.6
,,,,,156,105,120,182,71,276,65,127,308,23,31,95,110,298,63,101,174,192,136
121,Illinois St.,MVC,36,22-14,113,108.8,0.6065,56.3,53.1,15.9,16.3,24.7,25.2,31.9,31.8,57,53,37.1,35.5,46.7,42,66,-7.7
,,,,,72,228,121,12,284,86,235,323,13,202,148,16,265,29,279,33,284,266,154
122,Saint Louis,A10,34,19-15,109,105,0.6061,56.3,49.2,18.6,14.3,23.4,28,30,24,59.9,48.3,35.1,33.7,50.1,39.7,67.6,-6.5
,,,,,122,137,122,12,94,276,336,339,84,271,12,3,74,105,169,6,208,178,135
123,North Dakota St.,Sum,32,21-11,115.5,111.4,0.6045,58.2,51.4,15.6,11.1,26.2,29,32.6,27.1,56.5,51.3,39.8,34.3,53.6,39.1,65.3,-6.4
,,,,,54,269,123,2,206,67,363,283,135,190,40,23,196,1,210,2,189,298,130
124,Jacksonville St.,CUSA,36,23-13,108.7,104.8,0.6022,49.7,49.2,15.9,13.5,31,26.3,31.8,27.4,49,47.2,34,34.6,36.9,43,65,-5.5
,,,,,128,135,124,238,94,86,348,145,30,204,45,265,42,164,226,230,305,312,117
125,Belmont,MVC,33,22-11,112.2,108.3,0.6012,54.8,53.7,15.9,17.6,27.2,29.4,26.1,27,52.9,54.6,38.1,35.1,44.6,43.4,70.9,-5
,,,,,81,214,125,38,306,86,135,257,154,341,39,108,315,17,254,58,313,33,111
Rk,Team,Conf,G,Rec,AdjOE,AdjDE,Barthag,Efg%,EfgD%,TOR,TORD,ORB,DRB,FTR,FTRD,2P%,2P%D,3P%,3P%D,3PR,3PRD,Adj T.,WAB
126,North Alabama,ASun,35,24-11,110.9,107,0.6011,51.3,50.4,12.8,16.6,33.4,28.8,31,28.2,51,51.6,34.6,32.5,34.5,43.4,66.9,-5.8
,,,,,96,186,126,141,151,2,209,74,126,239,58,175,207,131,95,296,313,214,122
127,California,ACC,33,14-19,110,106.2,0.6007,47.8,53,16.6,16.3,34.7,28.8,38.9,32.8,48.2,51.3,31.5,37.6,37.8,32.8,67.8,-8.2
,,,,,107,165,127,307,277,141,235,37,126,33,172,286,196,290,349,196,19,165,165
128,Cornell,Ivy,29,18-11,114.9,111,0.5972,58.7,52.2,16.8,15.3,25.5,28.9,28.6,31.3,61.1,52.3,37.4,34.7,48.6,39.1,71,-7.1
,,,,,57,264,128,1,244,160,301,309,130,310,131,1,241,25,228,13,189,28,144
129,Kennesaw St.,CUSA,33,19-14,107.3,103.9,0.5933,49.3,48.3,19.7,15.1,32.5,27.4,38.8,42.6,52.2,48.1,30.6,32.5,45.5,38.4,70.4,-7.2
,,,,,154,111,129,258,59,325,310,94,61,34,348,130,63,330,95,50,162,49,145
130,South Alabama,SB,32,21-11,106.9,103.5,0.5893,50.8,48.5,14.6,20.6,28.3,32.2,33.6,24.4,53.6,46.9,31.7,33.1,45.6,59.3,63.4,-6.2
,,,,,161,109,130,170,63,28,27,226,297,161,13,84,32,277,125,46,364,354,127
131,Duquesne,A10,32,13-19,106.4,103.2,0.5868,50,50.2,18.3,20,32.9,30.7,30,39.5,49.2,48.1,34,35.9,43.2,35.9,65.3,-13
,,,,,183,107,131,222,142,256,43,86,228,271,323,260,63,164,306,80,82,296,257
132,Nebraska Omaha,Sum,35,22-13,112.1,109.1,0.5778,52.6,53.2,15.6,14.8,29.8,25.9,36,37.2,52.1,53.5,35.6,35.2,39.1,45,67.8,-6.4
,"   15 seed, R64",,,,85,237,132,90,289,67,322,188,24,82,291,135,283,73,261,172,337,168,131
133,South Dakota St.,Sum,32,20-12,109.8,106.9,0.5765,53.6,50.9,17.6,12.7,33.6,21.4,31.2,29.9,54.5,52.3,34.8,32.9,40,47.8,69.3,-6.1
,,,,,111,181,133,64,173,209,359,69,1,230,95,55,241,120,116,153,358,79,125
134,Montana,BSky,35,25-10,111.9,109,0.5737,56,52.5,16.1,15.5,22.5,29,35.6,32,56.9,53.7,36.3,33.6,36.8,35.1,67.3,-3
,"   14 seed, R64",,,,88,234,134,18,258,104,288,348,135,97,155,18,289,53,160,235,54,196,77
135,Louisiana Tech,CUSA,32,20-12,107.8,105.2,0.5676,52.5,47.8,18.9,14.7,29.3,28.7,35,32,53.5,48.8,34.1,30.8,41.4,38.9,64.7,-6.4
,,,,,145,143,135,94,45,293,325,201,117,119,155,86,88,159,28,122,182,326,132
136,Furman,SC,35,25-10,110.2,107.8,0.5633,53.7,49.6,17,16.4,30.1,31,34.6,28.9,53.5,49.5,35.9,33.1,51.5,38.5,66,-4.3
,,,,,103,201,136,59,110,172,221,174,242,130,75,86,115,66,125,3,167,269,97
137,Wichita St.,Amer,34,19-15,106.5,104.3,0.5604,48.6,50,16.3,15.5,32,28.8,34.9,28.6,49.9,49.7,30.2,33.6,28.4,38,68.9,-7.3
,,,,,178,122,137,282,126,122,288,111,126,121,69,221,123,339,160,356,146,100,148
138,Texas A&M Corpus Chris,Slnd,34,20-14,106.8,104.6,0.5587,52.8,49.9,17.8,18.3,31.9,30.7,36.7,40.4,53,48.4,34.7,35,29.2,36.7,67.7,-8
,,,,,164,131,138,82,120,223,96,116,228,66,335,105,80,126,246,354,103,172,160
139,Robert Morris,Horz,35,26-9,106.7,104.6,0.5579,51.2,50.7,18.2,18.7,35.2,28.1,37.6,30.3,50.7,50.6,34.6,34,36.7,35.6,68.2,-4
,"   15 seed, R64",,,,168,130,139,146,163,251,84,33,91,46,107,188,159,131,187,239,72,137,90
140,Wofford,SC,35,19-16,112,109.9,0.5524,53.2,51.9,16.9,14.7,35.5,26.3,30.6,36.4,54.2,52,34.8,34.5,47.7,46,64.2,-9.6
,"   15 seed, R64",,,,87,249,140,75,233,163,325,25,30,252,266,60,228,120,220,23,346,335,193
141,Cal St. Northridge,BW,33,22-11,107.5,105.6,0.5508,51.7,50.1,18.8,20.2,35.2,24.3,35.6,44.8,51.6,46.7,34.7,35.7,30.7,50.8,72.4,-5
,,,,,152,154,141,122,132,289,36,33,6,97,357,149,26,126,288,343,362,10,110
142,Seattle,WAC,32,14-18,103,101.3,0.5482,46.5,51.2,17,20.9,29.9,27,42.3,36.7,46.3,53.3,31.3,31.9,36.3,38.6,66.2,-12.1
,,,,,240,83,142,334,194,172,23,186,49,15,276,325,271,298,70,250,170,251,242
143,Miami OH,MAC,34,25-9,108.2,106.5,0.5456,55.4,51.3,17.4,19.1,27.5,29,28.1,33.3,53.9,51.9,38.2,33.6,44,39.9,69.1,-4.3
,,,,,135,170,143,26,203,196,68,250,135,318,192,70,221,14,160,67,220,94,98
144,Davidson,A10,33,17-16,109.1,107.6,0.5422,52.4,52.3,14.6,15.4,24.4,26.9,29.2,28.1,53.3,51.9,34.1,35.3,42.1,39.9,66,-9.2
,,,,,121,193,144,98,248,28,296,326,44,291,55,89,221,159,270,105,220,273,185
145,Samford,SC,33,22-11,110.9,109.3,0.5419,54.6,53.4,18.6,21.6,34.7,33.5,29.4,42.6,53.9,54.1,36.9,35,47.1,44,71.1,-4.8
,,,,,97,240,145,43,297,276,15,37,327,288,348,70,298,33,246,30,322,22,107
146,Tulane,Amer,34,19-15,107.9,106.5,0.5386,51.7,49,16,17.5,26.8,32.1,35.3,32.7,52.4,49.1,33.8,32.7,39.4,42.8,67.1,-8.6
,,,,,139,171,146,122,87,95,146,269,293,109,168,122,101,175,108,168,301,209,172
147,UTEP,CUSA,33,18-15,105.8,104.3,0.5385,49.3,52.4,16.6,22,25.4,32.4,37,40,47.7,54,34.6,33.4,36.2,41.2,68.7,-8.4
,,,,,195,124,147,258,254,141,9,312,305,58,332,299,297,131,149,254,266,112,169
148,Virginia Tech,ACC,32,13-19,106.1,105.2,0.5263,51.2,52.3,20.1,16.2,31,29.2,30.8,31.8,50.3,54.6,35,32.6,40.4,41.2,65.4,-9.3
,,,,,189,142,148,146,248,335,241,145,146,245,148,205,315,110,101,142,266,294,189
149,Loyola Marymount,WCC,32,17-15,104.4,103.6,0.5206,50.2,48.5,15.2,15.7,22.8,30.9,29,28.9,50.6,49,33.1,31.8,40.4,36.6,67.3,-6.9
,,,,,216,110,149,206,63,44,275,341,237,296,75,196,95,206,63,142,102,195,138
150,Nicholls St.,Slnd,33,20-13,106.3,105.6,0.5179,48.1,48.1,15.3,16.7,30.6,31.5,33.1,35.9,45.6,49.9,35,30.1,36.8,37.6,68.4,-7
,,,,,188,152,150,299,54,47,197,158,263,171,256,338,132,110,13,235,131,126,140
Rk,Team,Conf,G,Rec,AdjOE,AdjDE,Barthag,Efg%,EfgD%,TOR,TORD,ORB,DRB,FTR,FTRD,2P%,2P%D,3P%,3P%D,3PR,3PRD,Adj T.,WAB
151,Murray St.,MVC,33,16-17,105.3,104.7,0.517,49.3,51.2,16.9,17.3,29.1,26.4,41.2,35.5,48.6,52.6,33.6,32.1,40.1,32.1,64.9,-10.1
,,,,,200,132,151,258,194,163,161,206,32,21,244,274,249,187,77,149,13,313,203
152,Lamar,Slnd,33,20-13,102.3,101.7,0.5161,47.2,47.6,19,17.7,35.5,31.8,29,34.8,44.3,47.9,35.6,31.4,32.8,39.1,65.5,-6.9
,,,,,249,89,152,321,36,294,129,25,277,296,226,353,57,73,49,329,189,288,139
153,UC Santa Barbara,BW,34,21-13,108.5,108,0.5135,54.6,48.9,18.2,17.2,27.5,29.2,29.7,32,52.4,50.5,38.1,30.8,47.4,36.9,65.5,-8.1
,,,,,133,205,153,43,81,251,168,250,146,280,155,122,153,17,28,26,106,290,163
154,Bryant,AE,35,23-12,106,105.5,0.5129,50.7,47.8,16.3,16.4,33.8,29.5,29.9,30,51.3,47.3,33,32.5,34.7,36.1,72.6,-7
,"   15 seed, R64",,,,191,149,154,174,45,122,221,59,162,274,100,161,45,213,95,285,89,7,142
155,Milwaukee,Horz,32,21-11,106.8,106.3,0.5125,51.4,51.5,19.4,18.3,39.8,26.6,38,32.4,53.1,52.2,31.9,33.6,31.5,38.6,68.9,-6.7
,,,,,165,168,155,139,217,310,96,3,38,41,163,99,237,270,160,339,170,98,137
156,Radford,BSth,33,20-13,110,109.5,0.5123,51.1,51,17.7,16.5,33.8,30,41.3,37,49.9,49.3,35.6,35.8,36.3,40.1,63.2,-7.2
,,,,,109,241,156,149,179,214,217,59,193,19,282,221,109,73,298,250,228,356,146
157,James Madison,SB,32,20-12,110.6,110.3,0.5077,50.7,50.9,15.8,15.6,32,30.5,30.4,33.4,50,49.6,34.3,35.5,45.2,35.1,65.2,-7.3
,,,,,100,253,157,174,173,82,281,111,221,259,197,218,119,151,279,53,54,300,147
158,Sam Houston St.,CUSA,32,13-19,110.7,110.5,0.507,51,53.1,18.3,17.2,30.3,32.2,36.3,33.2,46.9,52.3,38.3,36.2,38.6,41.2,68,-11.7
,,,,,99,256,158,161,284,256,168,168,297,75,187,316,241,12,320,178,266,146,233
159,Cleveland St.,Horz,36,23-13,104.3,104.1,0.5053,49.5,51.2,18,21.9,34.5,33.6,30.8,38.9,49.8,50.3,32.6,35,32.3,39.8,65.8,-7.4
,,,,,218,114,159,248,194,236,10,43,329,245,312,226,143,233,246,332,215,279,149
160,San Jose St.,MWC,35,15-20,106.6,106.6,0.4999,50.3,52,17.2,16.7,26.8,32.1,31.8,28.4,48.6,54.2,35.3,31.9,40.8,35.5,66.6,-10.3
,,,,,172,176,160,199,239,180,197,269,293,204,65,274,301,93,70,136,70,228,206
161,Charleston,CAA,33,24-9,105.3,105.3,0.4993,52.4,50.1,16.2,16.4,26.5,28.3,34.6,26.5,51.8,51.4,35.5,32.1,40,39.7,70.5,-4.5
,,,,,201,145,161,98,132,110,221,274,101,130,33,142,201,83,77,153,208,46,101
162,Temple,Amer,32,17-15,110.5,110.6,0.4965,49.9,50.6,15.7,15.1,32,31.2,45.2,36.4,48.2,51,35.8,33.3,31.3,36.4,69,-9.5
,,,,,101,260,162,226,161,75,310,111,252,5,266,286,180,68,138,340,95,97,192
163,Cal Baptist,WAC,32,17-15,104.9,105.1,0.4951,48.3,50.1,17.7,18.1,33.3,29.6,29.7,33.4,48.6,50.3,31.7,33.2,35,31.3,66.1,-9.7
,,,,,209,140,163,293,132,214,110,77,165,280,197,274,143,277,130,279,5,263,194
164,Western Kentucky,CUSA,32,17-15,103.2,103.5,0.4931,47.9,47.4,15.5,17,23.5,28.1,32.1,40.6,48,48.7,31.7,30.5,39.7,44.1,72.1,-8.2
,,,,,234,108,164,303,31,59,182,338,91,200,338,290,85,277,20,162,326,11,166
165,Rhode Island,A10,31,18-13,107.7,108.1,0.4889,52.8,49.3,17.9,16,28.3,28.6,41.1,30.8,53.3,50.6,34.6,31.5,37.7,39.7,70.6,-7.9
,,,,,147,209,165,82,99,228,258,226,111,22,125,89,159,131,52,201,208,40,157
166,Purdue Fort Wayne,Horz,32,19-13,108,108.5,0.4865,54.7,53.3,13.8,20.1,22,32.8,29.1,30,54,56.2,37.1,32.6,45.6,40,69.9,-8.2
,,,,,137,218,166,40,294,12,39,352,318,294,100,66,342,29,101,46,226,61,164
167,Appalachian St.,SB,31,17-14,100.7,101.2,0.4852,49.6,46.1,16.9,14.8,27.6,29.6,35.1,22.2,48.7,47,34,29.8,41.1,40.1,63.4,-9.3
,,,,,281,81,167,245,11,163,322,246,165,115,6,273,37,164,9,129,228,352,191
168,Marshall,SB,33,20-13,106,106.7,0.4827,49.9,49.3,16.5,16.8,33,29.6,34.8,40.9,51,49.7,32.3,32.2,39.6,32.8,68.9,-8.6
,,,,,190,177,168,226,99,139,191,82,165,124,340,175,123,251,81,164,19,104,171
169,Winthrop,BSth,34,23-11,107.5,108.2,0.4827,53.3,51.4,17.7,18.7,31.2,31.5,47.7,37.1,55,50.6,33.8,35.2,38.3,37.9,72.9,-6.2
,,,,,150,213,169,73,206,214,84,136,263,1,285,47,159,175,261,186,142,5,126
170,East Tennessee St.,SC,32,19-13,105,105.7,0.4813,50.3,50.3,16.1,18.9,35.7,29.8,33.2,34.3,48.9,49.5,34.7,34.2,41.7,41.1,65.3,-9.1
,,,,,207,157,170,199,146,104,75,20,181,170,217,267,115,126,205,111,262,297,183
171,Towson,CAA,33,22-11,106.3,107,0.4803,47.9,50.8,14.5,17.3,35.3,28,28.4,30.7,46.7,50.7,33.4,34.1,37.2,38.8,63.8,-5.8
,,,,,185,187,171,303,169,25,161,28,84,314,122,321,167,195,194,217,178,348,121
172,UC Riverside,BW,34,21-13,109.6,110.4,0.4794,49.4,52.2,16,15.6,32.1,28.8,28,33.1,48.8,51.7,33.5,35.3,42.3,39,67.3,-4.7
,,,,,114,254,172,252,244,95,281,108,126,319,183,270,211,190,270,95,188,200,105
173,UNC Greensboro,SC,32,20-12,105.4,106.2,0.4779,50.7,47.8,15.3,16.4,31.1,30.1,29.8,34,48,48.7,36.2,31,42.4,43.1,64,-7.5
,,,,,199,166,173,174,45,47,221,142,201,276,211,290,85,56,33,94,308,344,151
174,Southern Illinois,MVC,33,14-19,106.5,107.8,0.4663,51.6,52.6,18.3,15.2,30.3,28,34.2,33.7,51,51.5,35.1,36.1,33.6,39.8,68.1,-12.5
,,,,,175,200,174,130,264,256,306,168,84,144,201,175,203,105,315,311,215,139,246
175,Dartmouth,Ivy,28,14-14,100.6,101.9,0.4633,50.3,49.1,16.2,13.8,22.8,24.9,30.3,23.2,49.8,52.1,33.9,29.6,46.5,38.5,71,-10.6
,,,,,284,93,175,199,90,110,344,341,10,265,10,226,233,174,7,36,167,24,209
Rk,Team,Conf,G,Rec,AdjOE,AdjDE,Barthag,Efg%,EfgD%,TOR,TORD,ORB,DRB,FTR,FTRD,2P%,2P%D,3P%,3P%D,3PR,3PRD,Adj T.,WAB
176,Boston College,ACC,31,19-Dec,105,106.5,0.4599,48.9,51.9,17.3,15.5,28.8,30,31.5,37.1,47.5,51.3,34.5,35.2,33,35.9,67,-10
,,,,,206,172,176,270,233,189,288,215,193,219,285,304,196,137,261,324,82,212,200
177,Rice,Amer,32,13-19,106.4,108,0.4583,48.6,47.8,17.8,14,33.7,29.6,43.3,35.9,47.8,47.5,33.2,32.1,38.8,36.9,65.7,-14
,,,,,181,207,177,282,45,223,341,63,165,9,256,295,48,202,77,176,106,285,279
178,Ohio,MAC,32,16-16,106.8,108.5,0.4559,53.4,52.3,14.9,17.8,23.9,29,33.5,36.4,53.9,50.4,35,37.6,40.1,32.6,70.6,-11.6
,,,,,163,215,178,70,248,36,122,332,135,165,266,70,150,110,349,149,16,42,232
179,Drexel,CAA,33,18-15,104,105.8,0.4522,52.2,47.8,18.6,14.4,33,30.1,24.2,28.2,51.9,48.1,35,31.6,37.1,35.4,63.2,-11.6
,,,,,221,159,179,103,45,276,332,82,201,356,58,140,63,110,58,222,65,355,231
180,Florida Gulf Coast,ASun,34,19-15,106.6,108.5,0.4486,53.6,50.2,16.2,14.1,30,26.4,23.2,29.6,53.9,48.2,35.5,35.2,38.2,43.3,65.5,-9.3
,,,,,173,216,180,64,142,110,338,178,32,359,89,70,68,83,261,190,312,289,190
181,UTSA,Amer,31,19-Dec,107.1,109.1,0.4477,49.7,53.3,15.7,20.6,27,35.5,29,43.9,46.1,53.2,36.1,35.7,44.1,37.9,70,-12.6
,,,,,157,236,181,238,294,75,27,262,355,296,355,331,270,59,288,66,142,56,252
182,Oakland,Horz,34,16-18,106.7,108.7,0.4469,50.1,51.4,18,16.2,34.1,32.6,31.7,27.8,53.2,49.7,30.6,35.9,42.3,41,63.9,-10.8
,,,,,170,226,182,215,206,236,241,52,315,209,51,95,123,330,306,95,258,346,213
183,South Carolina St.,MEAC,33,20-13,102.6,104.6,0.4467,50.8,50.1,19.9,22.8,35.7,32.7,42.9,47,50.2,51.8,34.7,31.1,33,34.1,69.4,-9.2
,,,,,243,129,183,170,132,332,5,20,317,11,361,211,215,126,37,324,30,72,184
184,Miami FL,ACC,31,24-Jul,112.6,114.7,0.4463,51.9,57.4,16,15,28.2,30.8,26.4,28.8,55.1,55.9,31.3,39.7,38.5,39.9,67.7,-13.5
,,,,,76,323,184,116,362,95,314,228,232,337,73,45,337,298,364,179,220,171,271
185,Eastern Kentucky,ASun,32,18-14,109.3,111.4,0.4457,49.7,52.6,13.8,17.8,32.4,33.2,26,31.8,47.7,52.1,34.9,35.5,42.2,37.3,67.8,-8.8
,,,,,117,268,185,238,264,12,122,100,323,343,148,299,233,117,279,101,120,159,178
186,Montana St.,BSky,33,15-18,104.9,107,0.4429,52.8,48.8,15.1,15.3,20.7,29.4,31.9,31.9,53.8,50.6,34.3,29.8,43,32,66.2,-11.9
,,,,,210,185,186,82,73,41,301,357,154,202,152,79,159,151,9,82,12,252,238
187,East Carolina,Amer,33,19-14,106.5,108.7,0.4424,48.4,51.7,15.6,17.4,33.8,31.2,35.2,31.6,49.3,48.5,31.2,38.4,35.2,35.3,66.7,-8.9
,,,,,174,225,187,289,225,67,150,59,252,113,145,254,81,308,358,275,60,220,180
188,Cal Poly,BW,35,16-19,108.9,111.1,0.4412,55.2,53.2,20.7,19.1,27.6,33.2,26.8,32.4,56,54.3,36.3,34.4,51.1,39.9,74.7,-11.8
,,,,,124,266,188,28,289,343,68,246,323,333,163,30,305,53,214,5,220,3,236
189,Illinois Chicago,MVC,32,18-14,105.7,107.9,0.4411,51.1,51.6,17.5,15.8,30,27.9,35.1,31.6,51.1,51.6,34,34.4,39.4,35.3,69.3,-8
,,,,,196,202,189,149,220,205,268,178,75,115,145,169,207,164,214,168,60,80,159
190,Portland St.,BSky,32,19-13,100.8,103.1,0.4372,50.5,50,18.4,19.6,33.4,30.4,34.3,34.9,51.7,51.6,32,31.7,31.7,39.1,68.5,-9.3
,,,,,279,103,190,191,126,263,54,74,217,142,227,146,207,266,61,336,189,124,188
191,Central Connecticut,NEC,32,25-7,99.3,101.7,0.4301,52.2,47.7,17.2,18.1,26.5,25.3,25.9,18.9,53.7,49,32.9,30.6,34.8,42,65.8,-4.6
,,,,,306,90,191,103,41,180,110,274,14,345,2,81,95,218,23,282,284,278,102
192,Wyoming,MWC,32,20-Dec,103.1,105.7,0.4279,50.3,51,19.9,15.8,30,27.2,30.4,41.1,49.5,51.7,34.4,33.3,40.7,37.3,64.8,-10.9
,,,,,238,158,192,199,179,332,268,178,55,259,343,245,211,144,138,139,120,319,215
193,Northeastern,CAA,32,17-15,104.1,106.8,0.4265,51.1,50.3,18.6,18.2,31.4,31.4,28,30.3,51.3,49.2,33.7,34.9,34.8,34.7,67.7,-11
,,,,,219,180,193,149,146,276,103,130,261,319,107,161,105,184,240,282,47,169,219
194,Norfolk St.,MEAC,35,24-11,106.8,109.7,0.4239,52.2,50,18.3,18.6,33.1,34.6,38.4,35.5,54.5,49.4,30.8,33.8,27.6,43.1,66.5,-5.3
,"   16 seed, R64",,,,162,248,194,103,126,256,88,80,348,38,244,55,110,326,175,360,308,232,116
195,Southeast Missouri St.,OVC,33,21-12,101.7,104.5,0.4233,51.3,47.6,15.4,19,24,28.7,28.9,42.8,51.1,48.8,34.5,30,36,31.6,69.1,-8.6
,,,,,263,127,195,141,36,53,73,330,117,301,350,169,88,137,12,259,8,93,173
196,Indiana St.,MVC,32,14-18,109.2,112.2,0.4228,54.6,54.3,19.5,15.8,26.2,27,35.9,38.8,56.6,54.5,35,35.9,50.1,38,72.6,-12
,,,,,120,290,196,43,324,312,268,283,49,87,311,21,308,110,306,6,146,8,241
197,Merrimack,MAAC,33,18-15,98.7,101.5,0.4191,49.4,46.9,13.8,23.2,20.8,38.6,24.4,29.9,49.3,47.2,33,31,42.9,36.3,64.7,-9.8
,,,,,315,86,197,252,21,12,4,356,362,353,95,254,42,213,33,83,93,323,197
198,Brown,Ivy,27,14-13,102.5,105.6,0.4161,51.1,49.3,17.1,15.7,30.1,30.7,28,29.1,52.1,49.2,33.1,32.9,40.5,37.4,66.1,-8.6
,,,,,245,153,198,149,99,177,275,174,228,319,80,135,105,206,116,141,123,264,174
199,Abilene Christian,WAC,32,16-16,98.3,101.3,0.4135,46.7,51.4,20.7,24,30,31.5,37.2,51.3,47.8,52.6,28.9,32.6,25.3,32.5,69.4,-10.4
,,,,,322,84,199,332,206,343,1,178,263,56,364,295,249,355,101,362,15,73,207
200,Pepperdine,WCC,35,13-22,106.7,110,0.4135,49.6,52.5,16.1,15.3,27.7,30,31.6,27.2,48.9,53.3,34,34.2,34.7,38.9,69.3,-12.4
,,,,,169,252,200,245,258,104,301,242,193,211,43,267,271,164,205,285,182,78,244
Rk,Team,Conf,G,Rec,AdjOE,AdjDE,Barthag,Efg%,EfgD%,TOR,TORD,ORB,DRB,FTR,FTRD,2P%,2P%D,3P%,3P%D,3PR,3PRD,Adj T.,WAB
201,Missouri St.,MVC,32,23-Sep,102.2,105.4,0.4118,50.9,54.7,20.7,19.1,32,28.4,34.3,38.5,49.1,55,36,36.1,37,39.4,64,-16.9
,,,,,253,147,201,164,337,343,68,111,104,142,306,261,323,64,315,226,198,341,326
202,Southeastern Louisiana,Slnd,32,18-14,104.6,108,0.4093,49.2,51.4,17.4,18.8,30.9,29.4,34.7,36.5,49.5,51.9,32.4,33.7,31.6,42.2,67.2,-9.1
,,,,,213,208,202,262,206,196,81,150,154,126,271,245,221,247,169,338,290,206,182
203,Youngstown St.,Horz,34,21-13,102.6,106,0.4087,49.8,48.8,17.6,18,29.3,31.2,36.4,35.8,52.1,48.1,31.3,33.5,46.2,32.8,69.5,-8.8
,,,,,243,163,203,232,73,209,113,201,252,72,255,135,63,298,155,41,19,70,179
204,Hampton,CAA,33,17-16,103.6,107,0.4076,47.5,52.6,16,18.8,34,28.7,30.3,43.6,46.9,53.3,32.4,34.2,36.7,35.7,65.8,-11.5
,,,,,224,188,204,316,264,95,81,54,117,265,353,316,271,247,205,239,76,280,228
205,Texas St.,SB,32,16-16,108.6,112.2,0.407,50.7,49.9,18.1,16.1,35.2,31.5,36,41.6,49.3,47.4,36.4,36.1,27.8,36.4,66.3,-11.4
,,,,,131,289,205,174,120,246,250,33,263,82,345,254,47,49,315,359,95,247,225
206,UT Rio Grande Valley,Slnd,31,16-15,105.6,109.2,0.4031,51.7,51.4,19.2,17.6,30.8,33.9,22.7,29.9,55.4,52,31.8,33.4,49,35.1,70.7,-9.7
,,,,,198,238,206,122,206,304,135,153,337,361,95,38,228,273,149,10,54,36,196
207,Valparaiso,MVC,34,15-19,105.9,109.7,0.4024,47.7,53.7,14,17.1,26.5,28.5,33.6,35.4,47.3,54.2,32.3,35.2,38.4,36,68.2,-12.5
,,,,,192,244,207,309,306,16,172,274,107,161,239,310,301,251,261,182,87,138,247
208,Queens,ASun,35,20-15,106.7,110.6,0.3974,52.8,52.1,18.2,15.9,31.2,29.3,34.2,30.4,52.9,52,35.1,34.9,43.6,37.1,68.7,-8.7
,,,,,171,261,208,82,242,251,265,136,152,144,110,108,228,105,240,75,114,113,175
209,Wright St.,Horz,33,15-18,109.2,113.4,0.3954,56.3,53.2,17.8,14.2,28,27.9,27,34.5,55.3,52.2,38.6,36.7,37.8,36,67.6,-13.4
,,,,,118,310,209,12,289,223,337,235,75,330,220,39,237,7,330,196,87,177,267
210,Princeton,Ivy,30,19-11,103.6,107.5,0.3948,51.5,53.4,15.2,17.3,26.2,24.2,24.6,31.7,50.1,53.5,35.3,35.5,48.7,40.8,66.9,-6.2
,,,,,225,191,210,134,297,44,161,283,5,352,147,216,283,93,279,12,248,213,129
211,Northwestern St.,Slnd,32,16-16,103,106.9,0.3934,48.7,49.8,20.2,17.4,33.1,32.6,32.2,33.1,46.5,46.8,35.2,36.2,35.7,39.7,64.1,-9.2
,,,,,242,184,211,278,117,337,150,80,315,198,183,324,29,98,320,268,208,340,186
212,Incarnate Word,Slnd,36,19-17,107.3,111.4,0.3928,51.5,51.9,17.5,17.4,34.5,31.8,28.8,36.3,50.8,51.1,35.2,35.8,35.8,31.4,64.8,-11.4
,,,,,155,271,212,134,233,205,150,43,277,306,263,184,184,98,298,263,6,315,226
213,Southern,SWAC,32,20-12,98.9,102.8,0.3919,47.2,49.2,18.5,21.1,34.4,28.5,38.1,42.3,47.4,48.2,31.2,33.8,33.3,39.4,68.6,-7
,,,,,310,98,213,321,94,271,20,46,107,40,347,308,68,308,175,316,198,114,141
214,South Florida,Amer,32,13-19,102.2,106.2,0.3916,49.7,49.7,16.2,18.3,27.7,33.2,34.9,36.7,51.1,49.6,31.6,33.3,37.6,37.5,68.6,-12.4
,,,,,251,164,214,238,112,110,96,242,323,121,276,169,119,285,138,205,126,119,245
215,Idaho St.,BSky,30,15-15,105.8,110,0.3915,47.8,54.1,16.3,17.9,38.3,25.9,34.4,32.7,48.3,53,31.2,37.3,36.6,37.7,66.1,-10.5
,,,,,193,250,215,307,318,122,118,6,24,137,168,284,265,308,343,241,134,256,208
216,Quinnipiac,MAAC,33,20-13,102,106.2,0.3869,48.4,49.5,17.9,17.1,33.5,26,31.1,28.3,50.7,46.7,29.8,36.1,38,37.1,71.8,-9.2
,,,,,258,167,216,289,105,228,172,72,27,233,62,188,26,345,315,194,114,15,187
217,Jacksonville,ASun,33,19-14,101,105.2,0.3848,50.2,51.1,19.5,18.6,35.6,30.5,28.5,35,47.5,50.5,36.8,34.7,33.9,38.1,67.8,-7.6
,,,,,275,141,217,206,187,312,88,22,221,312,229,304,153,35,228,302,154,164,152
218,Bucknell,Pat,33,18-15,103.4,107.8,0.3835,53.8,50.3,18.6,17,26,28,36.7,35.4,54.4,49,35.3,34.7,41,40.6,67.8,-10.3
,,,,,230,199,218,56,146,276,182,294,84,66,239,59,95,93,228,131,243,167,205
219,La Salle,A10,33,14-19,103.4,107.7,0.3831,46.1,52.6,15.5,16.7,30.5,29.5,31.4,30,44.5,54.5,32.8,33.2,33.2,41.5,68.9,-11.7
,,,,,231,197,219,338,264,59,197,161,162,224,100,352,308,224,130,320,277,99,235
220,Central Michigan,MAC,31,14-17,105,109.5,0.3815,49.8,53.1,17.6,18.2,32.1,29.1,35.8,31.3,51.2,52.5,31.3,35.9,33.3,43.9,67.5,-11.4
,,,,,207,242,220,232,284,209,103,108,141,89,131,166,247,298,306,316,321,184,224
221,Seton Hall,BE,32,25-Jul,97.3,101.6,0.3796,44.7,54.6,19.1,22.2,31.2,31.8,32.9,39.6,43.9,54.5,31.2,36.6,30.5,44.4,64.7,-13.2
,,,,,331,88,221,356,334,301,8,136,277,182,325,357,308,308,327,346,328,328,263
222,William & Mary,CAA,32,17-15,106.8,111.5,0.3784,53.7,53.5,18.1,17.6,26.2,30.2,35.6,35.5,55.8,54.4,34.5,34.8,51.5,41.6,71.7,-10.6
,,,,,166,272,222,59,303,246,135,283,205,97,244,32,306,137,236,3,280,16,211
223,Massachusetts,A10,32,20-Dec,101.5,106.4,0.3681,45.1,49.8,16.1,17.5,34.3,31,34,36.6,46.6,49.7,28,33.2,32.2,39.9,70.6,-13.5
,,,,,266,169,223,352,117,104,146,49,242,150,273,323,123,362,130,333,220,41,269
224,SIU Edwardsville,OVC,34,22-12,101,105.9,0.3679,48.5,47.6,17.2,17.1,31.3,29.7,33.1,33.1,47.9,46.3,33.1,33.1,36.6,38.7,66.2,-7.7
,"   16 seed, R64",,,,273,162,224,287,36,180,172,133,173,171,183,293,17,206,125,241,174,253,153
225,Fordham,A10,33,21-Dec,106.3,111.4,0.3674,48.6,52.8,18.4,16.7,31.5,30.6,32.8,39.2,49.1,52.6,32,35.5,41.5,31.8,69.8,-14.1
,,,,,187,270,225,282,272,263,197,127,225,184,317,261,249,266,279,119,9,62,280
Rk,Team,Conf,G,Rec,AdjOE,AdjDE,Barthag,Efg%,EfgD%,TOR,TORD,ORB,DRB,FTR,FTRD,2P%,2P%D,3P%,3P%D,3PR,3PRD,Adj T.,WAB
226,Hofstra,CAA,33,15-18,97.9,102.7,0.3653,48.9,45.9,17.6,16.4,25.8,28.6,25.3,38,48.1,42.6,33.2,33.9,42.3,40.4,63.9,-13.4
,,,,,325,97,226,270,8,209,221,302,111,350,301,288,1,202,183,95,240,347,266
227,Vermont,AE,33,21-12,99.9,104.9,0.363,49,48.8,17.3,15.7,26.2,25.8,29.8,27.1,49.5,48.3,32.3,33,43.5,38.6,62.8,-8
,,,,,297,136,227,268,73,189,275,283,20,276,40,245,74,251,121,77,170,358,161
228,Longwood,BSth,32,18-14,105.1,110.5,0.3597,51.3,55.9,18,20.7,32.1,29.6,45.4,38.3,52.3,59.8,32.9,33.7,33.9,41.6,69.2,-9.7
,,,,,204,257,228,141,350,236,26,108,165,3,303,128,364,218,169,302,280,84,195
229,UMKC,Sum,33,13-20,100.6,105.8,0.359,48.4,51.2,18.6,17.1,32.8,29.7,30.9,35.2,47.5,53.6,33.1,31.8,44,40.8,64.7,-14.7
,,,,,283,160,229,289,194,276,172,87,173,241,234,304,286,206,63,67,248,327,295
230,Delaware,CAA,36,16-20,109.2,114.9,0.3588,55.1,52.2,16.6,15.5,22.4,32.5,30,32.9,54.1,51.9,37.7,35.3,39.9,34.1,70.5,-15
,,,,,119,325,230,31,244,141,288,349,308,271,177,61,221,21,270,158,30,45,299
231,Campbell,CAA,32,15-17,101.3,106.5,0.3587,50,52.4,15.8,18.8,24.6,27.7,29.7,29.9,51.5,55.8,31.9,31.1,41.8,36.8,66.1,-12.6
,,,,,270,173,231,222,254,82,81,324,67,280,95,150,334,270,37,110,105,262,250
232,UNC Asheville,BSth,32,21-11,107.1,112.7,0.3582,52,53.4,14.8,18,29.7,34.1,34.4,40.1,52.4,53.8,34.2,35.2,35,38.9,68.1,-6.4
,,,,,158,298,232,112,297,33,113,190,341,137,333,122,292,156,261,279,182,143,133
233,Richmond,A10,32,22-Oct,103.5,108.9,0.3581,48.4,52.7,15.4,15.8,19.3,27.7,29.7,37.1,49.7,52.4,31.2,35.4,45.6,48.6,64.1,-15
,,,,,226,231,233,289,270,53,268,360,67,280,285,236,244,308,275,46,361,338,300
234,Tennessee St.,OVC,33,17-16,103.1,108.5,0.3571,51.3,48.8,21.1,17.4,33.8,30.3,41.4,39.3,52.5,48.1,32.6,33.4,33.6,35.9,70.8,-12.9
,,,,,237,217,234,141,73,353,150,59,210,18,321,120,63,233,149,311,82,35,256
235,Elon,CAA,33,17-16,106.5,112.1,0.3557,50.4,48,19.1,13,36.1,31.5,38.7,25.1,50.8,46.9,33.2,33,41.5,44,65.3,-10.9
,,,,,180,287,235,194,52,301,356,15,263,35,19,184,32,202,121,119,322,295,218
236,Maine,AE,34,20-14,99.2,104.5,0.3536,51.6,50.4,15.5,21.9,21.8,32.3,28.2,29,50.6,50.7,35.7,33.3,33,36.2,66.2,-10.2
,,,,,309,126,236,130,151,59,10,353,302,317,78,196,167,70,138,324,90,250,204
237,South Dakota,Sum,33,19-14,108.5,114.4,0.3523,50.1,54.8,12.6,17.3,30,35.7,45.4,35.2,51.7,55.4,31.6,35.9,37.5,38.9,74.8,-8.8
,,,,,132,319,237,215,339,1,161,178,358,3,234,146,329,285,306,210,182,2,176
238,Harvard,Ivy,27,15-Dec,102.2,107.9,0.3474,50.6,52.2,18,17.7,25,31.1,24.4,24.6,52.2,53.4,32,33.5,39.9,36.5,65.9,-10.8
,,,,,254,203,238,182,244,236,129,318,248,353,15,130,278,266,155,158,98,274,212
239,Northern Kentucky,Horz,33,17-16,103.2,109,0.3467,49.8,52.5,17.3,19.9,31,32.5,31.3,29.3,50,50.6,33,37,40,40.1,66.2,-10.9
,,,,,236,235,239,232,258,189,47,145,308,226,83,218,159,213,338,153,228,254,217
240,Hawaii,BW,31,15-16,102,108,0.3403,50.6,49.5,20.7,13.1,31,24.9,39.9,33.7,53.1,48,31,35,37.4,32.4,66.1,-11.1
,,,,,260,206,240,182,105,343,354,145,10,26,201,99,62,321,246,214,14,261,220
241,Iona,MAAC,34,17-17,99.7,105.6,0.3401,47.5,51.7,20.9,22.8,39.1,30.9,27.9,35.6,47.5,53.9,31.8,32.6,34.7,44.5,68.5,-13.7
,,,,,303,150,241,316,225,351,5,4,237,323,248,304,295,273,101,285,332,122,274
242,UT Arlington,WAC,31,13-18,106.5,112.8,0.3399,51.7,50.4,19.2,16.4,32.8,32.5,37,34.3,50.6,48.5,35.4,36,42.2,34.9,67.8,-12.8
,,,,,179,303,242,122,151,304,221,87,308,58,217,196,81,87,313,101,52,161,254
243,Tulsa,Amer,33,13-20,102.1,108.2,0.3395,49.5,49.7,16.9,14.4,27.2,31.1,34.2,33.6,51.5,50,31.2,32.7,42.3,34,66.5,-14.4
,,,,,257,212,243,248,112,163,332,257,248,144,200,150,135,308,108,95,29,233,286
244,Georgia St.,SB,33,14-19,107.5,113.9,0.338,50.4,51,16.9,12.9,32.4,31.9,33.8,26.2,49.8,51.8,34.4,33.2,33.3,41.5,69.4,-13.1
,,,,,153,316,244,194,179,163,357,100,284,154,31,226,215,144,130,316,277,75,260
245,Georgia Southern,SB,33,17-16,103.2,109.6,0.3347,50.6,50.1,19,18.4,33,33,26.5,43.1,49.8,51.2,34.5,32.3,44.3,40.1,69.8,-11.2
,,,,,233,243,245,182,132,294,95,82,320,335,351,226,188,137,83,65,228,63,221
246,Sacred Heart,MAAC,33,15-18,105.2,111.7,0.334,51,51.8,17.7,17.6,31.4,29.9,26.3,27.6,50.3,50.8,34.5,35.4,44.6,43.1,70.6,-14.6
,,,,,202,278,246,161,228,214,135,130,186,340,48,205,173,137,275,58,308,43,291
247,North Dakota,Sum,33,21-Dec,107.8,114.5,0.3327,49.7,56.5,16.6,15,33.7,28.7,33.6,33,50.3,57.1,32.5,37.1,40,40.6,69.2,-15.1
,,,,,142,320,247,238,358,141,314,63,117,161,178,205,353,241,340,153,243,86,301
248,Portland,WCC,32,20-Dec,106.4,113.6,0.3207,50.1,54.6,18,13.2,23.9,29.9,32.2,22.1,49.8,53.3,33.7,37.8,43.6,40.9,68.5,-12.5
,,,,,181,313,248,215,334,236,353,332,186,198,5,226,271,184,353,75,254,121,248
249,American,Pat,35,22-13,101.7,108.7,0.3183,52,52.5,16.9,17.7,23.8,27.4,29,34.1,51.4,53.5,35.2,33.8,45.3,35.9,63.8,-8.2
,"   16 seed, R68",,,,264,223,249,112,258,163,129,334,61,296,213,159,283,98,175,52,82,349,167
250,Toledo,MAC,33,18-15,111.2,118.8,0.3182,50.5,56.4,13.7,15.5,29.8,30.9,35.5,26.5,50.6,55.9,33.6,38.2,28.6,37.5,68.6,-8.8
,,,,,93,355,250,191,356,9,288,188,237,103,33,196,337,187,357,355,126,117,177
Rk,Team,Conf,G,Rec,AdjOE,AdjDE,Barthag,Efg%,EfgD%,TOR,TORD,ORB,DRB,FTR,FTRD,2P%,2P%D,3P%,3P%D,3PR,3PRD,Adj T.,WAB
251,Northern Arizona,BSky,34,18-16,104.3,111.6,0.3154,50.3,53.7,15.2,15,31.9,24.4,28.5,33.8,49.5,52.9,34.4,36.7,37.8,37,66.8,-11.4
,,,,,217,274,251,199,306,44,314,116,7,312,204,245,260,144,330,196,111,215,227
252,Idaho,BSky,33,14-19,107.9,115.4,0.314,51.8,54,17.9,15.1,28.9,31.3,33.6,35.7,51.5,55.1,34.7,34.9,47.9,39.9,66.6,-14
,,,,,140,333,252,119,315,228,310,213,258,161,251,150,326,126,240,19,220,227,278
253,Presbyterian,BSth,33,14-19,103.3,110.6,0.313,51.1,52.9,16.2,17.8,29.4,31.1,31.1,38.9,49.7,53.7,36,34.3,33.9,34.8,64.7,-13.8
,,,,,232,259,253,149,275,110,122,198,248,233,312,236,289,64,210,302,50,324,275
254,Little Rock,OVC,33,19-14,98.3,105.3,0.311,49.5,46.7,20.4,21.5,30.4,35.4,29,37.9,47.2,46.3,36.6,31.4,30.3,44.2,67,-9.9
,,,,,320,144,254,248,20,340,17,166,354,296,298,311,17,43,49,347,327,211,198
255,Jackson St.,SWAC,34,16-18,100.4,107.6,0.3103,47.7,50.6,19.5,17.4,30.1,30,37.5,30.6,47.1,50.3,32.6,34.1,33.7,41.7,68.7,-10.6
,,,,,290,194,255,309,161,312,150,174,193,49,119,313,143,233,194,308,282,110,210
256,UC Davis,BW,32,15-17,97.2,104.2,0.3103,46.3,50,19.7,21.8,27.6,33.6,38.3,39.2,45.1,48.3,32.2,35.2,35.5,37.7,67.4,-11.4
,,,,,332,120,256,335,126,325,12,246,329,39,317,346,74,256,261,270,134,193,223
257,Evansville,MVC,32,21-Nov,98.5,105.7,0.3087,48.8,50.2,17.7,16.7,22.6,29.2,31.1,34.6,51.5,49.4,29.9,34.1,40.6,44.9,67.1,-14.6
,,,,,317,156,257,274,142,214,197,345,146,233,221,150,110,344,194,140,335,207,292
258,Houston Christian,Slnd,32,20-Dec,100.7,108.2,0.3047,49.1,52.6,18,17.9,26,32,30.5,29.4,49.3,54.5,32.5,32.3,44,31.8,64.8,-14.2
,,,,,282,211,258,266,264,236,118,294,287,254,85,254,308,241,83,67,9,317,283
259,Manhattan,MAAC,31,17-14,108,116,0.3046,50.8,50.9,16.7,15,32.5,32.2,31.8,25.9,50.5,52.6,34.1,32.4,41.6,42,67.9,-9.9
,,,,,138,340,259,170,173,151,314,94,297,204,26,202,249,159,89,115,284,158,199
260,Mount St. Mary's,MAAC,36,23-13,100.3,107.7,0.3043,50.9,48.7,21.4,15.6,30.5,27.9,30.5,26.1,50.3,49.4,34.5,31.8,41.1,45.2,67.8,-8.1
,"   16 seed, R64",,,,291,197,260,164,71,356,281,161,75,254,29,205,110,137,63,129,340,163,162
261,East Texas A&M,Slnd,31,26-May,99.8,107.4,0.3015,49.2,53.8,22.5,19.9,28.1,35.9,28,36.5,51.1,52.6,31.4,37.4,48.3,34.6,67.7,-19.7
,,,,,299,189,261,262,312,362,47,230,359,319,271,169,249,295,347,15,42,174,347
262,Monmouth,CAA,33,13-20,104.1,112.1,0.3003,47.2,50.7,16.2,16.6,29.7,34.8,36.7,36.1,44.2,50.7,35.2,33.8,34.6,40.7,67.4,-14.4
,,,,,220,284,262,321,163,110,209,190,352,66,260,355,167,98,175,292,246,188,285
263,Cal St. Bakersfield,BW,33,14-19,105.1,113.2,0.2984,48.2,54.3,18.8,18.9,35.6,29.7,34.5,46.9,45.3,54.8,37.2,35.7,28.4,41.5,66.3,-14
,,,,,203,307,263,296,324,289,75,22,173,133,360,344,320,28,288,356,277,246,277
264,UMass Lowell,AE,32,17-15,107.5,115.9,0.2971,54.6,51.6,18.1,14.7,26.1,30.3,31.6,25.2,56.3,50.5,34.2,35.6,34.6,34.7,68.9,-11.5
,,,,,151,338,264,43,220,246,325,289,210,211,21,27,153,156,285,292,47,102,230
265,Charlotte,Amer,33,22-Nov,104.5,112.7,0.296,48.3,54.2,15.1,14.6,25.4,29.2,42.7,37,49.6,56.4,31,33.3,40.9,34.5,65,-16.4
,,,,,214,299,265,293,321,41,329,312,146,12,282,241,349,321,138,134,40,308,317
266,Eastern Michigan,MAC,32,16-16,104.8,113.2,0.2925,52.4,53.7,18.7,17.8,29.6,31.7,33,38.5,52.4,51.9,35,37.7,38.2,38.8,67.4,-12
,,,,,212,306,266,98,306,285,122,194,273,178,306,122,221,110,351,190,178,187,240
267,Fresno St.,MWC,32,26-Jun,100.5,108.6,0.2907,46.1,54,17.7,18,27,34,36.4,23.5,45.6,56,31.3,34.2,35.3,43,71.1,-16.5
,,,,,286,220,267,338,315,214,113,262,340,72,11,338,340,298,205,272,305,23,319
268,Alabama St.,SWAC,36,20-16,100.9,109.3,0.285,47,50.7,13.1,18.7,28,30.8,29.1,38.9,45.6,50.8,32.6,33.7,42.7,40.2,68,-10.1
,"   16 seed, R64",,,,278,239,268,327,163,4,84,235,232,294,312,338,173,233,169,89,232,148,202
269,Siena,MAAC,32,14-18,102.2,110.7,0.2838,49.4,51.7,17.2,18.2,28.8,30,37.3,31.4,49.5,51.8,32.8,34.3,39.9,34.2,67.3,-14.5
,,,,,252,263,269,252,225,180,103,215,193,53,135,245,215,224,210,158,34,202,289
270,FIU,CUSA,33,23-Oct,96,104.1,0.2832,46.1,51.6,19.5,20.6,31,29.6,36,37.5,47.4,52.6,28.8,33.3,30.1,39.5,68.8,-17.4
,,,,,341,117,270,338,220,312,27,145,165,82,295,308,249,356,138,348,204,109,331
271,Gardner Webb,BSth,31,20-Nov,102.4,111,0.283,51.9,52,20.8,14.8,33.4,30.2,36.2,37.2,53.1,54.2,33,32.3,33.1,38,69.4,-14.8
,,,,,247,265,271,116,239,349,322,74,205,77,291,99,301,213,83,323,146,76,297
272,Denver,Sum,32,21-Nov,100.2,108.7,0.2829,50.3,54.3,18.5,17.6,26.1,29.1,31.6,49.8,50.5,56.2,33.3,34.1,36.9,37.9,66.7,-15.9
,,,,,294,221,272,199,324,271,135,289,141,211,363,202,342,197,194,230,142,223,312
273,Ball St.,MAC,31,14-17,103.5,112.3,0.2816,51.3,51.6,16.4,14.1,26.4,27.9,44.5,30.7,51,54.5,34.6,31.5,37.1,39.7,66.6,-13.7
,,,,,227,294,273,141,220,131,338,278,75,6,122,175,308,131,52,222,208,225,272
274,Bowling Green,MAC,32,14-18,99.8,108.6,0.275,49.9,52.6,17.5,17.3,25.6,27.4,34.5,29.8,49.6,54.6,33.5,33.2,39.7,42.4,69,-14.2
,,,,,300,219,274,226,264,205,161,307,61,133,92,241,315,190,130,162,294,95,282
275,North Florida,ASun,32,15-17,107.8,117.3,0.2744,53.2,54.1,15,14.7,27.9,34.2,24.8,31.1,54,54.5,35,35.5,54,31.1,72.5,-11.5
,,,,,143,349,275,75,318,39,325,238,343,351,127,66,308,110,279,1,4,9,229
Rk,Team,Conf,G,Rec,AdjOE,AdjDE,Barthag,Efg%,EfgD%,TOR,TORD,ORB,DRB,FTR,FTRD,2P%,2P%D,3P%,3P%D,3PR,3PRD,Adj T.,WAB
276,Colgate,Pat,33,14-19,104,113.3,0.2732,54.2,53.3,16.7,16.3,23.7,26.9,22.6,25.5,54.6,51.5,35.7,37.3,42.2,40,67.3,-14.8
,,,,,222,308,276,51,294,151,235,335,44,362,24,53,203,70,343,101,226,198,296
277,Stephen F. Austin,Slnd,31,14-17,96.1,104.7,0.271,46.7,49.2,22.2,20.2,34.6,33.1,32.3,34.1,48.8,47.8,28.7,34.4,36.9,37.1,67.6,-11.7
,,,,,339,134,277,332,94,361,36,41,321,194,213,270,53,358,214,230,114,181,234
278,Albany,AE,33,17-16,103.4,112.8,0.2703,49.3,54.9,15.7,19.8,32.3,28.4,29.5,34.7,50.2,55.8,31.7,35.6,36,34.9,67.8,-12.9
,,,,,229,301,278,258,342,75,49,103,104,286,223,211,334,277,285,259,52,162,255
279,Western Michigan,MAC,32,20-Dec,102.3,111.6,0.2691,47,54.5,15.8,16.6,34.4,27.9,31,33.2,49.3,55,28.2,35.8,32.9,41,68,-14.7
,,,,,248,275,279,327,332,82,209,46,75,239,187,254,323,361,298,327,258,150,293
280,Mercer,SC,33,14-19,98.4,107.5,0.2646,48.9,50.8,16.6,16.8,28.8,28.7,29.8,32.8,49.8,49.7,31.8,34.7,40.1,46,71.2,-14.3
,,,,,319,192,280,270,169,141,191,215,117,276,172,226,123,273,228,149,346,21,284
281,LIU,NEC,33,17-16,95.3,104.2,0.2627,47.7,48,20.1,19.2,32.3,27,27.6,43.5,48.8,48.8,30.3,31.2,33.4,39.8,65.1,-12.6
,,,,,350,121,281,309,52,335,65,103,49,325,352,270,88,338,40,315,215,305,251
282,Pacific,WCC,33,24-Sep,100.8,110.4,0.2599,48.1,53.2,19.3,15.4,28.8,28.2,32.8,37.1,50.3,52.9,29.7,35.8,37.8,39.5,66.8,-15.6
,,,,,280,255,282,299,289,308,296,215,96,184,285,205,260,347,298,196,204,218,309
283,Texas Southern,SWAC,32,15-17,95.7,105,0.2548,47.5,47.4,19.8,19.6,30.5,34.7,28.9,36.2,46.2,46.5,33.1,32.6,35.8,41.3,70.2,-11.9
,,,,,344,138,283,316,31,329,54,161,351,301,261,329,23,206,101,263,270,52,237
284,Eastern Washington,BSky,32,22-Oct,102,112,0.253,50.9,54.4,18.7,19,26.9,33.6,31.1,39.7,52.5,53.8,32.3,36.9,37.6,38.4,67.3,-16.4
,,,,,259,283,284,164,329,285,73,266,329,233,326,120,292,251,337,205,162,201,318
285,Marist,MAAC,30,20-10,96.8,106.6,0.2494,49.9,46.9,18.4,16.4,30.6,25.6,22.4,33.2,51.5,44.9,31.4,33.7,37.6,35.4,64.3,-8
,,,,,336,175,285,226,21,263,221,158,18,363,187,150,6,295,169,205,65,334,158
286,Tennessee Martin,OVC,33,14-19,102.2,112.7,0.2445,47.6,52.3,19.5,18.9,34.7,30.8,34.4,33.9,48.5,52,31.1,35,47.3,48.2,66.5,-15.4
,,,,,255,300,286,314,248,312,75,37,232,137,206,279,228,319,246,27,360,231,305
287,Navy,Pat,34,15-19,101.3,111.9,0.241,48,52.5,16.1,17.8,31.3,27.2,33.8,33.8,46.8,52.6,33.3,34.9,37.1,41.2,67.2,-16.2
,,,,,269,280,287,301,258,104,122,133,55,154,204,319,249,197,240,222,266,205,315
288,Tarleton St.,WAC,32,20-Dec,93.1,102.9,0.2409,45.9,52.1,25.1,23.3,28.1,33.9,41.5,48.3,45,52.9,32.2,33.9,25.6,42.2,65.8,-13.3
,,,,,358,100,288,342,242,364,2,230,337,17,362,347,260,256,183,361,290,277,265
289,Austin Peay,ASun,33,14-19,101.9,112.9,0.2365,48.7,53.8,14.8,16.8,25.8,31.2,28.9,36,47.1,52,34,37.9,40.2,35.9,66.2,-13.5
,,,,,261,305,289,278,312,33,191,302,252,301,259,313,228,164,354,147,82,249,268
290,Tennessee Tech,OVC,32,15-17,101.3,112.3,0.2355,50.7,49.6,17.4,15.2,25,32.4,28.8,22.2,49,50.6,35.1,31.9,46.4,34.1,68.1,-13.1
,,,,,267,292,290,174,110,196,306,318,305,306,6,265,159,105,70,38,30,144,261
291,Saint Peter's,MAAC,28,16-Dec,95.4,105.6,0.2354,44.7,47.3,20.7,17.6,37,31,34.7,37.6,42.4,47,32.2,31.9,38.5,38,64,-13.3
,,,,,347,155,291,356,28,343,135,10,242,126,297,362,37,256,70,179,146,343,264
292,Old Dominion,SB,35,15-20,99.7,110.7,0.2303,44.1,51.2,16.9,16,36.4,32,30.9,35,45,51.2,28.3,34.1,35.8,35.3,66.3,-15.2
,,,,,301,262,292,360,194,163,258,13,287,241,229,347,188,360,194,263,60,248,303
293,Weber St.,BSky,34,22-Dec,100.9,112.1,0.2299,50.2,53.4,16.9,16.5,24.4,30.1,34.7,37.2,51.1,52.2,32.4,36.7,37.2,43,65.7,-17
,,,,,276,286,293,206,297,163,217,326,201,126,291,169,237,247,330,217,305,282,327
294,Air Force,MWC,32,28-Apr,98.7,109.7,0.2289,50.1,54.6,20.8,15.7,22.7,29,35.4,35.4,50.5,54.8,33.1,36.3,48.5,36.2,64.7,-19.3
,,,,,314,246,294,215,334,349,275,343,135,108,239,202,320,206,323,14,90,325,340
295,San Diego,WCC,33,27-Jun,100,111.3,0.2271,45.7,54,18.4,18.5,29.9,31.6,30.5,46.1,46.3,51.6,29.7,38.5,35.8,38.3,71.2,-19.5
,,,,,295,267,295,346,315,263,92,186,271,254,358,325,207,347,359,263,157,20,345
296,Bethune Cookman,SWAC,33,17-16,97.7,108.7,0.2268,48.2,48.8,19.5,16.7,28.8,30,35.9,32.4,48.4,49.8,31.9,31.3,33.9,36.9,69.2,-10.1
,,,,,327,222,296,296,73,312,197,215,193,87,163,281,129,270,47,302,106,88,201
297,Lafayette,Pat,33,13-20,97.8,108.9,0.2262,50.2,50.4,16.6,16.7,24,28,30.5,26.9,49.7,48.3,34,35.8,40.3,37.9,66.4,-16.8
,,,,,326,229,297,206,151,141,197,330,84,254,37,236,74,164,298,145,142,241,323
298,Oral Roberts,Sum,30,23-Jul,103.7,115.8,0.2196,50,55,16.3,13.9,22.6,33.1,35,38.2,48.5,56.6,34.4,35,45.7,40.2,67.5,-17.2
,,,,,223,337,298,222,345,122,343,345,321,119,302,279,351,144,246,45,232,183,328
299,Columbia,Ivy,27,15-Dec,104.4,116.6,0.2195,52.6,56.4,15.4,16.4,25.9,26.7,29.5,25.4,53.9,54.6,33.8,39.2,39.1,41.8,71,-11.3
,,,,,215,345,299,90,356,53,221,296,41,286,22,70,315,175,363,172,283,25,222
300,Saint Francis,NEC,34,16-18,100.2,112,0.2193,51.8,51.2,19.7,16.2,25,29.9,24,27.8,52.6,53.3,33.8,32.2,42,43.1,67.4,-12.1
,"   16 seed, R68",,,,293,281,300,119,194,325,241,318,186,357,51,113,271,175,81,106,308,191,243
Rk,Team,Conf,G,Rec,AdjOE,AdjDE,Barthag,Efg%,EfgD%,TOR,TORD,ORB,DRB,FTR,FTRD,2P%,2P%D,3P%,3P%D,3PR,3PRD,Adj T.,WAB
301,Lehigh,Pat,30,19-Nov,99.8,111.7,0.215,51.1,50.7,15.6,16.1,21.4,29.1,31.5,33.9,49.1,53,36.4,31.2,37.3,36.7,67.4,-15.2
,,,,,298,279,301,149,163,67,250,355,141,219,206,261,265,49,40,215,103,189,302
302,Louisiana,SB,33,21-Dec,98,109.7,0.215,45.7,51.3,16,19.1,25.9,35.5,29.8,43.8,45,53.8,31.3,31.5,38.1,36.9,66.5,-15.6
,,,,,324,245,302,346,203,95,68,296,355,276,354,347,292,298,52,192,106,235,310
303,Fairleigh Dickinson,NEC,33,13-20,98.2,110,0.214,49.1,50.5,17.1,17.6,25.9,32,32.1,30.4,49.7,53.3,32.2,30.3,41.5,35.6,69.5,-15.7
,,,,,323,251,303,266,157,177,135,296,287,200,110,236,271,256,16,119,72,68,311
304,Utah Tech,WAC,33,26-Jul,101.8,114.1,0.2119,48.8,53,18.3,17.4,26.2,33.5,33.7,41.1,47.9,53.7,33.4,34.4,39.8,31.5,67.6,-19.9
,,,,,262,318,304,274,277,256,150,283,327,158,343,293,289,195,214,161,7,176,348
305,Howard,MEAC,32,20-Dec,103.1,115.6,0.2105,53.5,52.3,21.2,16.5,29,33.8,35.7,40.9,52.6,53.1,36.6,33.8,38.4,33.5,69.9,-15.6
,,,,,239,336,305,67,248,354,217,208,336,94,340,113,268,43,175,182,26,58,307
306,Penn,Ivy,27,19-Aug,103.2,116.1,0.2061,49.4,53,16.4,13.4,26.8,29.7,28.9,25.8,49.9,50.8,32.6,37.5,44.4,39.2,67.1,-13.8
,,,,,235,341,306,252,277,131,352,269,173,301,25,221,173,233,348,64,196,208,276
307,Southern Miss,SB,33,22-Nov,96.9,108.9,0.2056,47.9,50.2,19.5,16.1,28.1,30.2,33.8,35.4,49.8,51.2,29.8,32.5,36.9,38.4,71,-16.9
,,,,,335,233,307,303,142,312,250,230,205,154,239,226,188,345,95,230,162,26,325
308,IU Indy,Horz,32,22-Oct,109.6,123.3,0.2044,50.4,57,15.7,16,30.6,33.6,34.1,35.1,46.2,57.8,36.8,37.3,47.3,40.8,65.1,-17.5
,,,,,115,363,308,194,361,75,258,158,329,149,233,329,357,35,343,27,248,304,332
309,Rider,MAAC,33,14-19,102.1,115.1,0.2025,47.7,53.1,17.2,16,32.2,30.7,29.6,27.3,48.1,52.8,31.2,35.7,30.1,40.9,65.1,-14.6
,,,,,256,329,309,309,284,180,258,105,228,284,44,288,258,308,288,348,254,306,290
310,Loyola MD,Pat,31,19-Dec,100,112.8,0.2002,50.1,52.8,17.7,16.9,28.6,27.9,29.3,30.2,50.7,52.9,32.9,35.1,39.6,35.7,66.8,-16.1
,,,,,296,302,310,215,272,214,187,221,75,289,106,188,260,218,254,164,76,217,313
311,Eastern Illinois,OVC,31,19-Dec,93.7,105.8,0.1985,44.1,51,18.7,20.8,30,30.9,33,39.7,42.6,50.2,31.7,34.7,29.7,44.4,66.4,-14.4
,,,,,357,161,311,360,179,285,25,178,237,178,326,361,141,277,228,351,328,245,287
312,Charleston Southern,BSth,32,22-Oct,99.2,112.1,0.1965,48.7,53.4,19.9,13.5,31.2,28.2,43.9,33.3,50.7,55.4,30.7,32.4,42,29.2,67.8,-16.1
,,,,,308,285,312,278,297,332,348,136,96,7,192,188,329,328,89,106,2,166,314
313,Army,Pat,33,17-16,100.3,113.4,0.1948,49.5,53.7,14.3,16,25.9,29.2,26.1,27.4,51.4,54.8,31.2,34.8,41.7,42,67.9,-12
,,,,,292,311,313,248,306,21,258,296,146,341,45,159,320,308,236,111,284,152,239
314,VMI,SC,34,15-19,98.5,111.6,0.193,48.5,54.2,18,17.6,25.2,32.1,37.5,30.5,50.3,56.3,31,34.5,46.9,47.5,68.4,-14.7
,,,,,316,276,314,287,321,236,135,315,293,49,115,205,345,321,220,31,357,128,294
315,Boston University,Pat,32,16-16,98.5,111.6,0.1915,50.2,52.4,20.6,16.7,32.5,23.4,30.7,32,50.7,51.2,33,36.1,41.9,40.2,63.5,-13.2
,,,,,318,277,315,206,254,342,197,94,4,248,155,188,188,213,315,109,232,350,262
316,Coastal Carolina,SB,32,22-Oct,101.3,114.9,0.1907,49.4,48.6,18.4,10.5,29,28.7,34.4,36.9,47.7,48.5,34.8,32.5,39.2,36.3,63.4,-18.1
,,,,,268,326,316,252,68,263,364,208,117,137,279,299,81,120,95,171,93,353,333
317,UMBC,AE,32,13-19,105.1,119.2,0.1903,55.2,54.1,15.9,17.4,19.4,33.7,31.6,27.9,53.8,54.2,38.4,35.8,38.4,34.4,70.7,-15.6
,,,,,205,357,317,28,318,86,150,359,335,211,54,79,301,10,298,182,39,38,308
318,Long Beach St.,BW,32,25-Jul,100.6,114.1,0.1903,49.2,53.4,21.7,17.1,28.5,34.9,35.5,35.2,47,51.2,35.3,38.1,37.1,37.6,64.3,-19
,,,,,285,317,318,262,297,359,172,225,353,103,234,315,188,93,356,222,131,332,338
319,Delaware St.,MEAC,30,16-14,101.1,114.7,0.1902,48.8,53.8,18.1,20,34,32.1,36.3,40.3,47.6,56.3,35.5,33.5,20.7,41.1,70.4,-10.9
,,,,,271,322,319,274,312,246,43,54,293,75,334,302,345,83,155,364,262,50,216
320,Grambling St.,SWAC,34,22-Dec,95.8,108.7,0.19,47.3,49.3,19.2,18.3,26.3,31.1,35.1,31.3,46.9,47,32,35.7,35,35.6,64.1,-16.7
,,,,,343,224,320,320,99,304,96,281,248,115,131,316,37,266,288,279,72,336,322
321,Binghamton,AE,32,15-17,98.8,112.2,0.1893,51.6,49.7,19.6,12.8,26.9,26.9,33.7,31.9,50.6,51.1,35.4,31.8,36.2,40.3,65.8,-14.1
,,,,,312,288,321,130,112,321,358,266,44,158,152,196,184,87,63,254,237,276,281
322,Lindenwood,OVC,33,16-17,94.9,107.7,0.1879,45,50.7,17.9,19.4,30,31.5,36,34.7,47.6,50,26.7,34.6,34.6,37.5,69.7,-12.8
,,,,,352,196,322,354,163,228,61,178,263,82,223,302,135,364,226,292,126,65,253
323,Morehead St.,OVC,32,15-17,98.3,112,0.1823,45.9,50.3,18.4,14.4,31.2,25.4,37.6,34.7,45.5,49.9,31.2,34.1,34.1,33.4,64.3,-13.1
,,,,,321,282,323,342,146,263,332,136,16,46,223,341,132,308,194,298,25,333,259
324,Florida A&M,SWAC,31,14-17,102.2,116.5,0.1819,50.6,51.4,20.7,15.4,27.7,31.9,36.7,39.9,50.8,51.5,33.6,34.2,46.6,36.5,67.4,-10.8
,,,,,250,344,324,182,206,343,296,242,284,66,329,184,203,187,205,34,98,185,214
325,North Carolina Central,MEAC,33,14-19,102.5,117,0.1797,50.1,54.8,19.2,21,34.6,38.8,39.8,42,49.9,57.6,33.7,32.7,34,32.8,67.2,-15.3
,,,,,246,347,325,215,339,304,21,41,363,28,346,221,355,184,108,301,19,204,304
Rk,Team,Conf,G,Rec,AdjOE,AdjDE,Barthag,Efg%,EfgD%,TOR,TORD,ORB,DRB,FTR,FTRD,2P%,2P%D,3P%,3P%D,3PR,3PRD,Adj T.,WAB
326,Alcorn St.,SWAC,32,21-Nov,97.6,111.5,0.1787,46.1,53,19.6,18.3,33.6,32.5,30.4,31.5,45.4,54.6,31.8,34.1,29.6,45.3,65,-14.9
,,,,,328,273,326,338,277,321,96,69,308,259,141,342,315,273,194,352,341,310,298
327,Southern Utah,WAC,31,19-Dec,96.1,109.7,0.1781,46.8,49.9,21.6,15.1,30.1,32,36.2,33,47.2,49.8,30.5,33.3,32.6,27.7,69.2,-13.5
,,,,,340,247,327,330,120,357,310,174,287,77,178,311,129,333,138,331,1,83,270
328,Green Bay,Horz,32,28-Apr,101.1,115.6,0.1767,50.9,54.8,18,14.6,18.4,32,37,35.4,52.2,54.1,32.9,37.3,46.2,39.4,69.3,-22.6
,,,,,272,335,328,164,339,236,329,362,287,58,239,130,298,218,343,41,198,77,363
329,Stonehill,NEC,32,15-17,100.5,115,0.1745,51.1,50.9,18.3,16.2,26.4,29.4,31.4,32.7,49.4,50.1,35.4,34.9,44.5,33.3,65.4,-13.7
,,,,,288,328,329,149,173,256,241,278,154,224,168,253,139,87,240,62,24,292,273
330,Niagara,MAAC,31,20-Nov,100.9,115.5,0.1742,52,53,18.6,16.8,23.6,27.3,30.4,29.8,51.8,51.8,34.9,36.7,42.8,38.4,65.1,-16.7
,,,,,277,334,330,112,277,276,191,337,58,259,92,142,215,117,330,86,162,302,321
331,Holy Cross,Pat,32,13-19,101,116.1,0.1672,53.1,53.5,17.9,13.6,23.3,27,22.2,25.4,49.6,54.5,38.6,34.5,42.3,37.8,66.1,-15.5
,,,,,274,342,331,78,303,228,347,340,49,364,22,241,308,7,220,95,139,260,306
332,Mercyhurst,NEC,31,15-16,100.4,116,0.1599,48.6,55,16.4,20.3,22.2,33.3,30.9,38.3,45.8,56,35.7,35.7,36.4,39.8,64.8,-12.6
,,,,,289,339,332,282,345,131,32,351,326,241,303,335,340,70,288,246,215,316,249
333,Stony Brook,CAA,32,24-Aug,101.6,117.8,0.1542,47.7,56,18.3,14.9,29.5,31.2,31.6,28.4,45.7,57.2,33.8,36.3,39,42.3,64.7,-19.5
,,,,,265,353,333,309,351,256,320,196,252,211,65,337,354,175,323,174,293,320,346
334,USC Upstate,BSth,32,26-Jun,99.2,115.1,0.1531,49.8,56.1,19,16.6,25.3,32.4,30.4,39.5,53.1,58.3,29.4,35.2,36.9,40.2,73,-21
,,,,,307,330,334,232,352,294,209,314,305,259,323,99,359,352,261,230,232,4,356
335,Fairfield,MAAC,32,20-Dec,97.5,113.3,0.1522,46.3,53.7,15.5,18.2,28.6,31,25.4,31,45.8,53.4,31.5,36,38.3,36.9,66.1,-16.9
,,,,,329,308,335,335,306,59,103,221,242,349,126,335,278,290,313,186,106,257,324
336,Southern Indiana,OVC,30,20-Oct,98.7,114.9,0.1495,47.9,51.8,17.2,16.7,27.9,31.3,30.7,35.6,45.4,50,35.2,36.7,33.5,36.5,67.2,-17.4
,,,,,313,324,336,303,228,180,197,238,258,248,248,342,135,98,330,314,98,203,330
337,Morgan St.,MEAC,32,14-18,100.5,117.2,0.1465,49,52.4,17.9,17,34.1,36.9,35.7,39.1,49.5,51,31.6,36.8,21.7,34.3,70.7,-14.4
,,,,,287,348,337,268,254,228,182,52,360,94,316,245,180,285,335,363,36,39,288
338,North Carolina A&T,CAA,32,25-Jul,96.6,112.8,0.1437,45.8,51.5,15.4,15.3,27,31.4,31.2,30,46.3,52.4,30,33.3,36,38.5,69.5,-20.1
,,,,,337,303,338,345,217,53,301,262,261,230,100,325,244,342,138,259,167,67,350
339,Wagner,NEC,30,14-16,93.1,108.8,0.1431,43.7,50.4,19.4,18.2,31.7,25,29.3,39.9,41.5,50.8,31.6,33.2,37.6,42.9,60.4,-13
,,,,,359,227,339,363,151,310,103,123,12,289,329,364,173,285,130,205,303,363,258
340,Bellarmine,ASun,31,26-May,103.4,121.1,0.1402,53.7,58.1,17.4,15.4,20.2,30,26.5,34.9,53.9,57.8,35.6,39,43.2,47.4,66.5,-21.3
,,,,,228,359,340,59,364,196,296,358,193,335,227,70,357,73,361,80,356,234,359
341,Western Illinois,OVC,31,19-Dec,99.7,116.9,0.1381,50.1,51.1,18.2,14.4,28.1,31.8,27.2,30.6,46.7,50.2,37.3,35.1,37.2,34.8,64.6,-16.2
,,,,,302,346,341,215,187,251,332,230,277,328,119,321,141,26,254,217,50,329,316
342,Western Carolina,SC,30,22-Aug,95.6,112.4,0.1346,45.4,51.1,19,13.5,25.7,29.4,27,34,46.3,52.8,29.7,32.6,48.2,44,70.7,-16.6
,,,,,345,296,342,350,187,294,348,305,154,330,211,325,258,347,101,16,322,37,320
343,New Orleans,Slnd,31,27-Apr,99.6,117.4,0.1318,45.9,54.9,18.8,16.1,31.6,35.5,33.9,26.6,46,55.1,30.4,36.4,30.7,42.4,69.5,-19.4
,,,,,304,351,343,342,342,289,250,124,355,152,35,334,326,337,326,343,294,71,342
344,Detroit Mercy,Horz,32,24-Aug,95.2,112.3,0.1303,45.6,51.2,19.1,15.5,31.9,30.5,28.9,39.8,43.9,52.4,33.3,33.2,28.4,47,67.3,-18.8
,,,,,351,293,344,349,194,301,288,116,221,301,328,357,244,197,130,356,353,197,336
345,Louisiana Monroe,SB,32,25-Jul,96.9,114.6,0.1271,45,53.6,17.1,16.1,29,32.5,31.1,25.1,43.1,55.8,32.5,34,33.9,45.1,68,-20.7
,,,,,334,321,345,354,305,177,250,208,308,233,19,360,334,241,187,302,339,147,353
346,Buffalo,MAC,31,22-Sep,95.9,113.5,0.125,48.8,54.2,19.5,16.2,24.8,31.3,32.7,31.2,51.3,53.4,30.5,37.2,43.9,35.2,70.9,-17.2
,,,,,342,312,346,274,321,312,241,322,258,188,129,161,278,333,342,70,58,30,329
347,Le Moyne,NEC,32,23-Sep,103,122.2,0.1229,51.5,54.7,19.6,16.3,25.7,32.9,37.7,36.9,53.2,54.1,32.8,37,41.3,41.4,68.9,-19.1
,,,,,241,362,347,134,337,321,235,305,319,44,279,95,298,224,338,126,274,105,339
348,West Georgia,ASun,31,25-Jun,96.9,115.1,0.1213,47.2,56.1,16.3,16.6,26.1,29.2,28.8,36.3,48.4,56.9,29.7,36.8,30.1,43.7,68.3,-20.4
,,,,,333,331,348,321,352,122,209,289,146,306,263,281,352,347,335,348,319,132,352
349,Northern Illinois,MAC,31,25-Jun,94.4,112.2,0.1203,47.1,53.2,16.3,16.6,17.8,30.8,31.6,44,45.3,51,32.7,38,49.2,37.5,69.1,-20.8
,,,,,353,291,349,325,289,122,209,364,232,211,356,344,180,230,355,9,126,92,355
350,Sacramento St.,BSky,32,25-Jul,95.5,113.9,0.1157,48,55.1,20.3,17.1,27.4,27.6,31.3,39.2,49.1,55.2,31.2,36.6,44.9,46,65.7,-20.8
,,,,,346,315,350,301,347,338,172,253,64,226,317,261,328,308,327,57,346,286,354
351,Central Arkansas,ASun,33,24-Sep,97.4,117.4,0.1048,47.4,56.8,18.2,16.7,28.6,30,28.8,22.6,50.2,55.4,29.6,38.7,47.8,52.1,66.6,-18.3
,,,,,330,350,351,319,359,251,197,221,193,306,9,211,329,351,360,20,363,229,334
352,NJIT,AE,31,25-Jun,94.3,113.8,0.1029,45.3,50,18,13.8,27.7,31.8,27.4,38.6,45,51.9,30.5,31,37.8,35.2,66.6,-21.5
,,,,,354,314,352,351,126,236,344,242,277,327,309,347,221,333,33,196,58,230,361
353,Stetson,ASun,32,24-Aug,98.9,119.8,0.0997,50.2,53.1,18.7,13.1,24.1,34.3,33.1,27.7,50.2,52.6,33.5,35.9,37.7,41.4,67.9,-19.5
,,,,,311,358,353,206,284,285,354,329,345,171,49,211,249,190,306,201,274,156,343
354,Canisius,MAAC,31,28-Mar,99.4,121.2,0.0927,51.2,56.9,18.5,16.4,18.3,34.3,23.3,31.4,48.4,58.7,36.7,36.2,41.4,40.9,66.4,-23.2
,,,,,305,360,354,146,360,271,221,363,345,358,135,281,362,40,320,122,254,237,364
355,Cal St. Fullerton,BW,32,26-Jun,91.9,112.4,0.09,44.2,54.3,21.3,16.1,25.9,29.8,39.2,34.1,46.1,55.9,27,34.9,34.1,45.8,68.4,-19.5
,,,,,362,295,355,359,324,355,250,296,181,32,213,331,337,363,240,298,342,129,344
356,Prairie View A&M,SWAC,32,27-May,96.3,117.9,0.0887,48.2,56.2,16.7,20,24.5,39.1,33.8,40.5,48.6,57.6,31.5,35.7,33.7,32.7,70.5,-21.2
,,,,,338,354,356,296,354,151,43,325,364,154,336,274,355,290,288,308,18,44,358
357,New Hampshire,AE,32,24-Aug,94.1,115.2,0.0885,47.1,54.4,19,16.9,27.4,31.6,26.4,33,46.8,56.4,31.7,34.1,40.8,39.7,67.9,-20.3
,,,,,355,332,357,325,329,294,187,253,271,337,178,319,349,277,194,136,208,153,351
358,Alabama A&M,SWAC,32,22-Oct,92.9,114.9,0.0798,45.1,54.3,21.9,21,33.9,34.6,38.6,46.7,44.3,51.8,30.8,39,41.6,37.5,71,-18.7
,,,,,360,327,358,352,324,360,21,57,348,37,359,353,215,326,361,115,126,27,335
359,Maryland Eastern Shore,MEAC,31,25-Jun,95.3,119,0.0724,45.7,55.3,19.7,15.5,27.1,34.1,35.6,40.6,44.7,58.6,31.5,33.3,37.2,37.7,66.4,-19.3
,,,,,348,356,359,346,348,325,288,260,341,97,338,351,361,290,138,217,134,240,341
360,The Citadel,SC,30,25-May,94,117.6,0.0705,46.9,54.5,19.5,15.2,27.2,32,32.8,32.8,49.5,56.3,29.2,34.7,45.2,42.7,64.8,-21.4
,,,,,356,352,360,329,332,312,306,257,287,184,172,245,345,353,228,53,300,318,360
361,Chicago St.,NEC,32,28-Apr,92.8,116.4,0.0688,44.4,54.9,18.5,18.2,22.6,33.6,26.8,36.9,43.4,55.7,30.6,35.8,40.9,39.4,68.8,-21.7
,,,,,361,343,361,358,342,271,103,345,329,333,279,359,333,330,298,134,198,107,362
362,Arkansas Pine Bluff,SWAC,31,25-Jun,95.3,121.8,0.0563,50.3,56.3,20.4,16.8,26.3,34.6,32.8,40.5,52.6,58.5,31,35.7,37.9,44.9,71.8,-20
,,,,,349,361,362,199,355,340,191,281,348,184,336,113,360,321,288,195,335,14,349
363,Coppin St.,MEAC,30,24-Jun,88,112.6,0.0556,44,55.6,21.6,20.5,26.5,33.9,36.4,37.1,44.2,56.3,29,36.3,32.1,38.8,68.2,-19
,,,,,363,297,363,362,349,357,30,274,337,72,285,355,345,354,323,335,178,135,337
364,Mississippi Valley St.,SWAC,31,28-Mar,83.1,125.3,0.0088,42.1,57.9,24.3,15,22.7,38,30.3,38.4,41.6,58.8,28.8,37.7,30.6,38.4,65.1,-21
,,,,,364,364,364,364,363,363,314,343,361,265,305,363,363,356,351,345,162,307,357