team,conf,seed,barthag,adj_o,adj_d,adj_t,wab,year
Kansas,B12,1,0.982498,121.369,85.5065,68.6453,9.9276476480053,2008
Memphis,CUSA,1,0.971452,116.963,86.0686,70.1847,8.925489065997,2008
UCLA,P10,1,0.966392,116.196,86.7657,66.074,10.766958948889,2008
North Carolina,ACC,1,0.965916,122.927,91.9077,74.6909,11.896896582733,2008
Wisconsin,B10,3,0.959993,112.57,85.3906,63.1199,8.26890641984,2008
Louisville,BE,3,0.951439,112.087,86.5361,67.1763,4.7412692436825,2008
Duke,ACC,2,0.948805,115.836,89.864,73.4556,8.913860383533,2008
Texas,B12,2,0.947598,120.612,93.7695,64.7266,8.4030046190974,2008
Georgetown,BE,2,0.947187,112.955,87.8797,62.9437,7.6637136252657,2008
Washington St.,P10,4,0.935891,113.361,89.788,60.0062,4.9080800987641,2008
Stanford,P10,3,0.932028,112.796,89.8285,65.1452,6.734747214975,2008
Marquette,BE,6,0.930447,114.135,91.0908,68.5684,3.8495779879165,2008
Clemson,ACC,5,0.929922,113.184,90.3951,69.5958,4.4027354803279,2008
Tennessee,SEC,2,0.929015,114.604,91.6395,72.8174,9.1945392611432,2008
Davidson,SC,10,0.928696,114.67,91.7304,68.4393,1.5092707119034,2008
Michigan St.,B10,5,0.920699,114.696,92.6734,65.3246,5.1085798902161,2008
Xavier,A10,3,0.920537,115.514,93.352,65.7525,4.6625326979579,2008
Texas A&M,B12,9,0.915543,112.124,91.137200000000007,63.8,3.079784780641,2008
West Virginia,BE,7,0.913785,113.807,92.6864,65.6212,2.6479841309279,2008
Kansas St.,B12,11,0.911707,114.51,93.4707,71.8276,1.0236764565196,2008
Drake,MVC,5,0.908115,119.278,97.7341,64.4428,5.1742659953069,2008
Purdue,B10,6,0.904704,110.076,90.5103,68.4575,3.808773503204,2008
Pittsburgh,BE,4,0.901547,116.223,95.8648,65.2954,5.2584719779356,2008
Connecticut,BE,4,0.899225,114.878,94.9691,69.0288,4.3417364199316,2008
Arizona,P10,10,0.899153,115.467,95.463,65.2987,1.4960671748701,2008
Gonzaga,WCC,7,0.89687,112.64,93.3278,68.3551,2.1372126338506,2008
Notre Dame,BE,5,0.89571,114.634,95.0828,70.5486,4.3767778663271,2008
Butler,Horz,7,0.894635,114.239,94.85,61.2143,4.7298937028633,2008
USC,P10,6,0.894514,109.398,90.8402,67.3826,3.6255466297608,2008
Indiana,B10,8,0.892641,114.083,94.8934,68.4447,4.7532137400071,2008
Mississippi St.,SEC,8,0.873414,107.764,91.1026,68.5453,0.57122200708574,2008
BYU,MWC,8,0.867497,105.934,89.9655,70.1702,2.5206804050297,2008
Miami FL,ACC,7,0.861974,111.547,95.122,67.7082,1.6009898099513,2008
Arkansas,SEC,9,0.861051,110.791,94.5411,68.5705,0.53688028117371,2008
Baylor,B12,11,0.850871,115.908,99.6201,71.6529,1.5000137385525,2008
Oregon,P10,9,0.849656,118.033,101.531,68.024,0.78926835811431,2008
UNLV,MWC,8,0.843441,108.847,94.0194,66.2402,2.2164569674484,2008
Saint Mary's,WCC,10,0.839241,107.405,93.0284,68.3691,1.2068702516874,2008
Villanova,BE,12,0.838003,107.856,93.4936,69.4246,0.34324906580903,2008
Oklahoma,B12,6,0.835223,107.446,93.3025,65.1238,2.8016470146396,2008
Western Kentucky,SB,12,0.828326,109.649,95.6251,69.6402,0.21957840186139,2008
Saint Joseph's,A10,11,0.827382,113.772,99.2777,65.359,-1.2407198643454,2008
Vanderbilt,SEC,4,0.81754,111.371,97.7537,70.3921,3.7710450624762,2008
Kent St.,MAC,9,0.804361,105.946,93.6902,66.5588,2.3170082039884,2008
Temple,A10,12,0.792785,111.173,98.9297,65.5542,-1.7060290766385,2008
Kentucky,SEC,11,0.79202,106.598,94.8966,64.2905,-1.0868683107122,2008
South Alabama,SB,10,0.768567,110.453,99.5063,66.6695,-0.25312717562716,2008
Oral Roberts,Sum,13,0.74898,102.101,92.842,65.6947,-0.94131836066567,2008
George Mason,CAA,12,0.738029,107.954,98.6558,63.7197,-3.5718041632755,2008
Georgia,SEC,14,0.728125,103.152,94.684,66.6183,-3.8508139842984,2008
Siena,MAAC,13,0.700836,106.792,99.1722,69.1547,-3.7773953228407,2008
Cal St. Fullerton,BW,14,0.68791,109.056,101.813,74.1409,-3.2196384160988,2008
Winthrop,BSth,13,0.660799,96.3019,90.8764,63.5074,-4.2482544049297,2008
San Diego,WCC,13,0.66015,99.9764,94.3676,65.2658,-3.9204553525358,2008
Portland St.,BSky,16,0.631123,106.734,101.865,68.0653,-3.3851814696506,2008
Cornell,Ivy,14,0.597309,107.384,103.765,69.8007,-1.2443651176192,2008
Boise St.,WAC,14,0.592958,105.758,102.354,72.9166,-2.3845832966006,2008
UMBC,AE,15,0.566558,110.215,107.678,66.0408,-2.9645976484426,2008
Belmont,ASun,15,0.548665,105.712,103.932,71.2268,-3.497610162955,2008
American,Pat,15,0.520788,105.259,104.5,62.6737,-5.8151788969021,2008
Austin Peay,OVC,15,0.482531,102.173,102.796,67.2084,-5.2507533960307,2008
Mount St. Mary's,NEC,16,0.467947,98.9945,100.106,67.6103,-9.4603695916903,2008
UT Arlington,Slnd,16,0.419619,100.095,102.958,70.348,-7.007981007976,2008
Coppin St.,MEAC,16,0.16949,91.5004,105.061,63.8543,-12.980561723081,2008
Mississippi Valley St.,SWAC,16,0.145642,89.7469,104.673,64.9231,-9.982872451616,2008
Memphis,CUSA,2,0.967966,111.794,83.1187,67.9594,6.9491495452303,2009
Connecticut,BE,1,0.96755,115.424,85.9176,68.5192,8.7395059546033,2009
North Carolina,ACC,1,0.967424,123.064,91.6363,74.2853,7.6537570329365,2009
Louisville,BE,1,0.957685,112.014,85.4023,68.2497,8.0314165283698,2009
Pittsburgh,BE,1,0.957074,120.732,92.1692,66.2482,8.5717133015672,2009
Missouri,B12,3,0.94745,116.313,90.4504,71.8811,6.0660283148939,2009
Kansas,B12,3,0.940896,113.617,89.3161,68.1967,5.4051536262817,2009
UCLA,P10,6,0.940623,119.368,93.8767,66.6879,4.5409055335598,2009
Michigan St.,B10,2,0.940211,113.239,89.1136,67.8137,7.3609554427441,2009
West Virginia,BE,6,0.93997,114.359,90.0285,65.6298,3.8904021735013,2009
Gonzaga,WCC,4,0.938383,116.006,91.5461,68.9244,4.4176744728831,2009
Duke,ACC,2,0.938065,116.776,92.1979,68.2362,7.833867077348,2009
Oklahoma,B12,2,0.936944,117.864,93.2113,68.167,7.3524784986166,2009
Villanova,BE,3,0.936158,113.855,90.1447,68.699,5.9841730221669,2009
Syracuse,BE,3,0.933035,116.304,92.4933,71.2112,5.8840332706214,2009
Arizona St.,P10,6,0.93153,117.199,93.3988,60.8353,4.768108117226,2009
Purdue,B10,5,0.927441,109.374,87.6369,67.6966,3.8974674776763,2009
Washington,P10,4,0.926629,111.807,89.68,73.4802,4.9533470712761,2009
Marquette,BE,6,0.914741,116.462,94.7481,69.1981,3.409092841635,2009
BYU,MWC,8,0.90843,113.017,92.5737,70.0837,2.2505238896126,2009
Xavier,A10,4,0.903339,109.053,89.7916,67.2245,2.7753502958156,2009
Clemson,ACC,7,0.903261,115.834,95.3824,69.1815,2.6986357082078,2009
Texas,B12,7,0.902722,111.575,91.9246,66.4878,2.619367542886,2009
USC,P10,10,0.899118,109.264,90.3375,65.0814,2.4855429518393,2009
Illinois,B10,5,0.897103,105.344,87.2634,63.8501,3.83595820754,2009
Wake Forest,ACC,4,0.893253,111.065,92.3315,73.6429,5.1087575854001,2009
Oklahoma St.,B12,8,0.890407,116.046,96.7204,70.5823,2.6938529094763,2009
Wisconsin,B10,12,0.881254,111.531,93.6922,60.4371,0.33090519535748,2009
Tennessee,SEC,9,0.877425,114.417,96.4182,69.4222,1.2085741306897,2009
Utah,MWC,5,0.877022,109.428,92.2442,66.0009,2.663448485871,2009
California,P10,7,0.871236,116.05,98.2744,67.4189,3.2440253140299,2009
Ohio St.,B10,8,0.868161,112.001,95.0698,64.0717,3.218376272899,2009
Florida St.,ACC,5,0.861227,105.007,89.5938,67.1549,4.9836524237767,2009
Arizona,P10,12,0.860972,117.724,100.463,65.6669,0.75215744898835,2009
Michigan,B10,10,0.852793,110.58,94.9155,64.3854,0.86803989816118,2009
Texas A&M,B12,9,0.852289,112.746,96.8078,65.1135,1.8550728147654,2009
LSU,SEC,8,0.851069,111.184,95.5472,66.6175,2.3774932997434,2009
Minnesota,B10,10,0.848997,105.655,90.9242,65.9723,1.8452594038089,2009
Butler,Horz,9,0.841239,108.791,94.1065,63.8689,2.3784568320507,2009
Maryland,ACC,10,0.833895,109.579,95.2342,67.983,0.087760024573201,2009
Temple,A10,11,0.825352,107.352,93.7912,64.9862,-0.53597982454452,2009
Utah St.,WAC,11,0.818753,115.102,100.957,61.3526,2.4087032996049,2009
VCU,CAA,11,0.816053,107.456,94.3994,67.3167,-2.3193574718895,2009
Mississippi St.,SEC,13,0.803657,107.359,94.9767,68.5592,-1.6827376976108,2009
Boston College,ACC,7,0.801838,112.593,99.7062,66.9505,0.5240552674175,2009
Siena,MAAC,9,0.792913,109.378,97.326,71.6868,0.073928440524743,2009
Cleveland St.,Horz,13,0.784047,103.603,92.6141,64.9859,-1.3869736882399,2009
Dayton,A10,11,0.766568,101.774,91.7772,65.9567,1.1009892236325,2009
North Dakota St.,Sum,14,0.764051,112.556,101.623,69.1014,-0.79591557811656,2009
Northern Iowa,MVC,12,0.743797,108.5,98.8967,62.2256,-1.7448289127269,2009
Western Kentucky,SB,12,0.704048,109.081,101.162,66.7723,-2.1372598479597,2009
Akron,MAC,13,0.699473,101.854,94.6397,65.7849,-5.3629462644815,2009
Stephen F. Austin,Slnd,14,0.667592,94.202,88.6597,63.4767,-2.5426873689965,2009
Cal St. Northridge,BW,15,0.653874,101.462,96.0021,72.8952,-6.735607890936,2009
Cornell,Ivy,14,0.638076,106.306,101.192,66.9211,-4.7939726999247,2009
East Tennessee St.,ASun,16,0.622114,103.782,99.3788,71.4666,-5.8981182777878,2009
American,Pat,14,0.613875,103.161,99.0844,61.8352,-2.31532767661,2009
Portland St.,BSky,13,0.582472,107.074,104.019,66.4354,-3.9445822832696,2009
Robert Morris,NEC,15,0.551924,100.874,99.0619,67.1281,-5.1421168717488,2009
Morgan St.,MEAC,15,0.497829,97.9308,98.0048,66.4758,-5.7717363835235,2009
Morehead St.,OVC,16,0.481621,99.9991,100.641,66.5698,-9.3342426652477,2009
Binghamton,AE,15,0.473152,100.568,101.513,68.3902,-4.508924875067,2009
Radford,BSth,16,0.446346,99.0263,100.899,70.0517,-6.5741753843473,2009
Alabama St.,SWAC,16,0.401702,97.854,101.303,65.3019,-5.0869804663818,2009
Chattanooga,SC,16,0.366462,102.017,106.99,71.2188,-9.4471405933652,2009
Duke,ACC,1,0.975221,120.782,87.7617,66.2747,8.4331148209138,2010
Kansas,B12,1,0.966376,119.998,89.6083,68.5088,11.719504280154,2010
Syracuse,BE,1,0.955454,117.545,90.039,70.9964,7.5427321767028,2010
Kentucky,SEC,1,0.955274,114.491,87.7321,69.5865,8.610731484921,2010
Ohio St.,B10,2,0.945412,117.033,91.3296,66.0388,5.6564293505,2010
Kansas St.,B12,2,0.945052,115.931,90.5241,70.4542,6.7670487840271,2010
West Virginia,BE,2,0.942949,116.623,91.38,63.5682,8.0318585279616,2010
Baylor,B12,3,0.941129,119.423,93.8454,65.5991,5.5937214858521,2010
Wisconsin,B10,4,0.93943,115.076,90.6681,60.3513,3.8652554950392,2010
Purdue,B10,4,0.931849,108.292,86.2628,67.4966,6.5702791671692,2010
BYU,MWC,7,0.928755,116.555,93.231,71.7915,4.0018140401196,2010
Texas A&M,B12,5,0.922469,111.303,89.7399,66.0842,4.3870491107056,2010
California,P10,8,0.921019,119.424,96.4563,68.3393,1.7005987354233,2010
Butler,Horz,5,0.916302,108.659,88.2449,64.3725,4.5347817456351,2010
Maryland,ACC,4,0.91616,117.297,95.2756,70.2843,3.3255421628655,2010
Georgetown,BE,3,0.912402,115.799,94.4522,66.67,4.2861349977904,2010
Clemson,ACC,7,0.911256,110.359,90.1259,69.4893,1.5056468198233,2010
Villanova,BE,2,0.911202,116.549,95.1867,72.2932,5.5270797715309,2010
Missouri,B12,10,0.910816,111.169,90.8302,70.6164,1.629136131643,2010
Xavier,A10,6,0.910385,115.604,94.4981,69.8265,2.8276877340933,2010
Temple,A10,5,0.909115,107.176,87.7266,61.5327,5.3327663500888,2010
Texas,B12,8,0.90908,113.111,92.588,72.7355,3.8809135172462,2010
Michigan St.,B10,5,0.906255,112.494,92.3527,66.7726,3.5163470311728,2010
Marquette,BE,6,0.905015,114.47,94.0937,64.06,1.7595166991326,2010
Minnesota,B10,11,0.90364,113.467,93.3985,67.1192,-0.33484581770211,2010
Washington,P10,11,0.902316,112.024,92.332,73.1777,1.1827913728052,2010
Utah St.,WAC,12,0.902138,115.086,94.8725,61.8015,-0.39300591669503,2010
Northern Iowa,MVC,9,0.900698,108.311,89.4129,60.2165,3.7275269315757,2010
Oklahoma St.,B12,7,0.900455,113.42,93.6531,67.5638,1.8059877473783,2010
Georgia Tech,ACC,10,0.895276,108.804,90.2838,69.6399,1.3419684007502,2010
Florida St.,ACC,9,0.894414,103.496,85.9473,67.1222,2.8070135469244,2010
Tennessee,SEC,6,0.892839,108.393,90.1443,69.0395,3.8637245930928,2010
UNLV,MWC,8,0.890896,110.47,92.0325,67.6778,0.95369443318285,2010
Notre Dame,BE,6,0.890379,119.208,99.3583,64.6435,0.46705620432058,2010
Pittsburgh,BE,3,0.889734,110.794,92.3983,62.3939,3.6446874954555,2010
UTEP,CUSA,12,0.888069,107.216,89.5454,69.3154,2.1476629798179,2010
Gonzaga,WCC,8,0.879975,111.33,93.6215,69.3079,2.5206026810842,2010
Vanderbilt,SEC,4,0.87891300000000006,113.111,95.2025,69.6019,3.2260871945324,2010
Old Dominion,CAA,11,0.876983,106.864,90.0857,63.5595,0.59771551738714,2010
Saint Mary's,WCC,10,0.869337,114.731,97.3001,67.5634,1.9412091518109,2010
San Diego St.,MWC,11,0.864025,110.368,93.9751,64.1909,1.3471424478749,2010
Louisville,BE,9,0.860765,113.935,97.2444,67.351,-0.105161362365,2010
New Mexico,MWC,3,0.860617,113.743,97.0903,68.3705,4.9063715296144,2010
Richmond,A10,7,0.854261,107.986,92.594,63.8155,2.5918824870575,2010
Florida,SEC,10,0.847099,112.363,96.8206,65.6454,-0.048537306122157,2010
Cornell,Ivy,12,0.845315,116.748,100.72,65.6548,1.8675483065366,2010
Wake Forest,ACC,9,0.841798,106.639,92.2115,70.0497,1.0404276025961,2010
Siena,MAAC,13,0.797383,107.54,95.4621,70.7726,0.90500067986656,2010
Murray St.,OVC,13,0.79444,106.303,94.5126,66.9672,0.048842830253932,2010
Wofford,SC,13,0.756184,103.474,93.7751,64.5387,-1.8519646624123,2010
Houston,CUSA,13,0.741424,111.343,101.597,72.6196,-6.3984671911926,2010
Sam Houston St.,Slnd,14,0.713709,109.166,100.83,70.236,-2.5139893583732,2010
Ohio,MAC,14,0.695836,106.215,98.8398,70.1521,-7.7748813053596,2010
New Mexico St.,WAC,12,0.648489,109.955,104.253,71.6926,-2.331428865576,2010
Montana,BSky,14,0.618631,104.226,99.933,63.107,-4.6397765195894,2010
UC Santa Barbara,BW,15,0.596857,99.433,96.0975,67.4429,-4.1268504433217,2010
Oakland,Sum,14,0.580766,106.237,103.268,70.2959,-1.0558994956931,2010
Vermont,AE,16,0.555567,102.15,100.187,67.9103,-5.0791599116599,2010
East Tennessee St.,ASun,16,0.505375,97.8246,97.6419,68.5484,-8.1121684484251,2010
Morgan St.,MEAC,15,0.49372,102.999,103.224,70.042,-3.9103612608254,2010
Lehigh,Pat,16,0.473764,104.341,105.298,70.5717,-6.7921107638515,2010
North Texas,SB,15,0.472098,101.403,102.392,68.4917,-3.8633712683747,2010
Robert Morris,NEC,15,0.462778,98.9584,100.25,67.2468,-6.5044549257282,2010
Winthrop,BSth,16,0.311399,89.5551,95.9533,65.2594,-8.706730709651,2010
Arkansas Pine Bluff,SWAC,16,0.30123,90.3756,97.2363,66.8738,-8.0186918393805,2010
Ohio St.,B10,1,0.976933,124.94,90.2056,65.1768,11.961611437738,2011
Kansas,B12,1,0.965751,119.724,89.5522,69.4342,10.237144000327,2011
Duke,ACC,1,0.963365,119.497,89.9267,69.924,9.4617790190898,2011
Texas,B12,4,0.950078,114.29,88.4604,66.9208,5.446066339042,2011
Kentucky,SEC,4,0.94792,118.16,91.8112,66.2714,5.2166027605102,2011
Pittsburgh,BE,1,0.946061,118.644,92.485,63.5859,7.6454599866331,2011
Wisconsin,B10,4,0.939792,122.126,96.1689,57.9255,5.8828480565813,2011
Notre Dame,BE,2,0.936912,122.052,96.5283,64.483,7.8050448218701,2011
Purdue,B10,3,0.935826,114.271,90.5175,67.0363,7.2161674187876,2011
San Diego St.,MWC,2,0.932606,112.471,89.4983,63.5944,8.6644341916001,2011
North Carolina,ACC,2,0.930156,111.601,89.1026,71.8192,7.432818593872,2011
Illinois,B10,9,0.929812,113.865,90.9527,66.6219,1.5924982591178,2011
Connecticut,BE,3,0.926246,114.708,92.0522,65.6204,6.9592287723301,2011
Syracuse,BE,3,0.923824,113.911,91.691,66.3517,6.1579407643991,2011
Louisville,BE,4,0.923707,110.669,89.0941,68.0196,4.6961285293284,2011
BYU,MWC,3,0.919695,115.999,93.8372,71.4499,7.1697891195451,2011
Florida,SEC,2,0.913298,115.195,93.8667,63.8692,5.256727062401,2011
Washington,P10,7,0.912665,117.253,95.6106,71.8396,1.8936368628731,2011
West Virginia,BE,5,0.909867,114.43,93.5893,63.5957,3.0829088978715,2011
Arizona,P10,5,0.907052,117.631,96.4915,66.3117,4.7206649357495,2011
Kansas St.,B12,5,0.903976,111.382,91.6514,68.2516,1.9715935311182,2011
Clemson,ACC,12,0.900769,109.363,90.275,64.8425,0.6529901265827,2011
Cincinnati,BE,6,0.899749,110.265,91.1095,64.1312,3.3526424943277,2011
Utah St.,WAC,12,0.89716,109.323,90.555,63.3365,3.7343889794222,2011
Michigan,B10,8,0.89071,111.885,93.2271,62.6617,1.8649819248314,2011
St. John's,BE,6,0.881051,111.104,93.3487,66.9443,3.235958996227,2011
UNLV,MWC,8,0.879774,108.904,91.5966,67.9355,2.8115830873897,2011
Gonzaga,WCC,11,0.878621,110.476,93.0066,68.0864,0.34680984050593,2011
Marquette,BE,11,0.877217,114.142,96.2028,67.5907,0.77156697729833,2011
Florida St.,ACC,10,0.876184,102.553,86.5074,69.1098,1.1868645823819,2011
Vanderbilt,SEC,5,0.874418,115.782,97.8033,67.7417,1.8108788869117,2011
Villanova,BE,9,0.872171,113.749,96.2562,66.3396,1.4904244600204,2011
Belmont,ASun,13,0.868548,110.236,93.5443,69.3377,1.0275653152762,2011
Georgetown,BE,6,0.864156,112.157,95.489,65.0346,4.3567472111877,2011
Butler,Horz,8,0.863562,110.985,94.5327,64.7087,-0.40325961733798,2011
Temple,A10,7,0.859166,108.982,93.1243,65.5319,2.140001479949,2011
Penn St.,B10,10,0.852169,112.175,96.3258,60.7893,1.7398356013516,2011
George Mason,CAA,8,0.849436,111.246,95.7072,65.7974,1.0553184653171,2011
UCLA,P10,7,0.846255,107.469,92.6558,66.588,1.4387575584925,2011
Michigan St.,B10,10,0.845402,107.808,93.001,66.5717,2.2700623350211,2011
USC,P10,11,0.844243,106.756,92.1648,63.2707,-1.6036940324641,2011
Missouri,B12,11,0.842799,112.13,96.896,71.8524,1.3562823540705,2011
Xavier,A10,6,0.840219,110.773,95.8847,65.8877,2.3616408941469,2011
Richmond,A10,12,0.838294,111.082,96.2715,63.2978,1.7880480809923,2011
Tennessee,SEC,9,0.837156,108.103,93.7585,67.1523,-1.0528048117865,2011
Georgia,SEC,10,0.827071,108.507,94.7014,64.6303,0.22477364933454,2011
Old Dominion,CAA,9,0.823706,108.587,94.9635,61.6215,2.2650699025964,2011
Texas A&M,B12,7,0.814679,107.621,94.6189,62.7274,2.4016564685173,2011
VCU,CAA,11,0.800117,111.182,98.5495,66.5333,-2.0244714043339,2011
UAB,CUSA,12,0.796496,107.092,95.1095,63.1122,-0.2189615743667,2011
Oakland,Sum,13,0.791753,116.517,103.742,72.6536,0.31393398965598,2011
Wofford,SC,14,0.724034,110.951,102.024,64.7575,-4.551399636663,2011
Princeton,Ivy,13,0.724009,105.804,97.2931,63.8462,-0.26826887813606,2011
Memphis,CUSA,12,0.705934,103.461,95.8752,69.1158,-0.013665482305282,2011
Indiana St.,MVC,14,0.676891,102.247,95.8785,66.0937,-4.1785915612568,2011
Bucknell,Pat,14,0.668094,102.856,96.7852,65.9927,-2.2332478828542,2011
Morehead St.,OVC,13,0.640539,103.622,98.5447,64.4798,-3.5607772095662,2011
Akron,MAC,15,0.606451,101.536,97.7887,67.1231,-5.5692329649353,2011
LIU Brooklyn,NEC,15,0.590559,106.441,103.104,74.8988,-1.2495973966032,2011
Northern Colorado,BSky,15,0.588319,104.507,101.312,67.4841,-4.5594972501065,2011
Saint Peter's,MAAC,14,0.583097,93.5699,90.8795,65.0543,-5.9057133579287,2011
UC Santa Barbara,BW,15,0.557904,101.399,99.3678,65.728,-6.7514949371381,2011
UNC Asheville,BSth,16,0.486315,98.3945,98.8641,69.4327,-8.1123059004556,2011
Boston University,AE,16,0.466685,101.607,102.793,63.7617,-7.5836391150031,2011
UTSA,Slnd,16,0.417214,101.432,104.423,67.9441,-9.2202517186312,2011
Arkansas Little Rock,SB,16,0.358786,99.4369,104.586,65.3489,-11.102256219996,2011
Hampton,MEAC,16,0.34195,92.6943,98.1238,67.0833,-5.5557585567393,2011
Alabama St.,SWAC,16,0.149487,91.0352,105.893,64.9885,-13.042398577024,2011
Kentucky,SEC,1,0.975218,122.356,88.906,66.3296,11.283203865622,2012
Ohio St.,B10,2,0.969384,116.866,86.5379,68.1404,7.9088819730054,2012
Michigan St.,B10,1,0.955429,113.228,86.7366,65.7043,8.7462177841403,2012
Kansas,B12,2,0.95264,113.024,87.0607,67.409,8.3240352951221,2012
North Carolina,ACC,1,0.951197,115.295,89.0539,72.5574,8.4075066708627,2012
Syracuse,BE,1,0.941736,116.506,91.4656,65.6832,10.88237280387,2012
Wisconsin,B10,4,0.940578,113.063,88.924,58.5623,4.9520329203737,2012
Missouri,B12,2,0.938443,125.117,98.7266,66.5447,8.8380951097236,2012
Wichita St.,MVC,5,0.93031,115.511,92.2058,66.7085,4.3942438375123,2012
Florida,SEC,7,0.929625,120.649,96.3954,65.4962,3.0537900508591,2012
Indiana,B10,4,0.923946,120.079,96.6408,67.6382,5.886551359656,2012
Vanderbilt,SEC,5,0.921765,115.176,92.9418,65.98,4.0428398109399,2012
Georgetown,BE,3,0.921215,110.469,89.2024,63.1095,4.7057032962444,2012
Memphis,CUSA,8,0.919939,112.498,90.9789,68.2905,2.9845443533236,2012
Saint Louis,A10,9,0.919932,110.562,89.4139,62.2998,2.7970650364833,2012
Louisville,BE,4,0.916377,104.563,84.9115,66.9302,5.6024111841073,2012
Baylor,B12,3,0.912672,115.341,94.0509,66.6462,7.0428410689287,2012
Duke,ACC,2,0.905106,115.974,95.3217,68.1871,8.0476973039791,2012
Marquette,BE,3,0.904281,110.131,90.5946,71.0253,6.1649064256858,2012
New Mexico,MWC,5,0.903028,109.511,90.1971,66.5154,2.8620677668008,2012
Florida St.,ACC,3,0.897833,107.05,88.6158,67.5268,4.3327559125293,2012
Michigan,B10,4,0.892528,113.897,94.7484,61.5955,6.3603038184673,2012
Cincinnati,BE,6,0.890109,109.587,91.3613,64.2616,3.0844148546634,2012
Gonzaga,WCC,7,0.886241,112.105,93.7775,65.8447,2.0706316432542,2012
Purdue,B10,10,0.878844,116.446,98.0149,65.325,1.9200461232901,2012
Iowa St.,B12,8,0.875187,112.717,95.1568,67.1224,1.9587287169897,2012
Alabama,SEC,9,0.871999,104.287,88.2613,62.8555,1.5477388354371,2012
Kansas St.,B12,8,0.871014,108.162,91.6109,67.3845,2.1712414741348,2012
Virginia,ACC,10,0.870239,103.304,87.5484,60.5409,2.0274116219788,2012
Temple,A10,5,0.863976,112.863,96.1024,67.1286,4.2050135134893,2012
UNLV,MWC,6,0.863929,107.882,91.8648,70.0109,2.7699348959853,2012
California,P12,12,0.8571,109.038,93.3099,66.7663,1.8168921787609,2012
Belmont,ASun,14,0.852585,115.309,98.9884,67.9164,0.79010852952339,2012
North Carolina St.,ACC,11,0.852378,111.441,95.6815,67.9751,0.50310478745227,2012
Connecticut,BE,9,0.845694,109.819,94.7174,64.101,0.52204391593427,2012
Creighton,MVC,8,0.84149,118.155,102.19,67.1229,4.7348287882847,2012
VCU,CAA,12,0.840949,106.046,91.7492,65.9881,2.2042609938957,2012
South Florida,BE,12,0.838001,102.167,88.5619,59.5474,0.065353877057757,2012
St. Bonaventure,A10,14,0.833562,110.88,96.385,64.364,-1.0610046314792,2012
Texas,B12,11,0.82753,110.456,96.3756,65.7402,0.91845191126171,2012
Harvard,Ivy,12,0.827242,107.327,93.6617,61.3313,2.194329680395,2012
West Virginia,BE,10,0.826137,110.291,96.3131,65.349,-0.12137972501802,2012
Murray St.,OVC,6,0.819571,105.476,92.4695,66.0564,3.7676239986501,2012
Long Beach St.,BW,12,0.808021,107.957,95.2743,67.2683,0.89887260382625,2012
Saint Mary's,WCC,7,0.80562,111.192,98.2603,64.6513,2.7616418442471,2012
Notre Dame,BE,7,0.804452,108.743,96.1588,61.9604,2.3129430709069,2012
Ohio,MAC,13,0.802142,105.566,93.4678,66.8786,0.30790368439489,2012
Xavier,A10,10,0.797549,107.083,95.0485,67.5133,0.70959012742682,2012
BYU,WCC,14,0.78576,103.529,92.4666,72.8612,0.31379887291975,2012
Davidson,SC,13,0.782045,110.55,98.9261,68.3171,-0.41571443507015,2012
South Dakota St.,Sum,14,0.779489,111.306,99.7314,66.1434,-0.55866794022337,2012
Colorado,P12,11,0.776731,103.785,93.122,65.973,-0.28520365764499,2012
San Diego St.,MWC,6,0.765827,105.037,94.7533,66.591,2.8763895075409,2012
Southern Miss,CUSA,9,0.764547,110.017,99.3073,64.6802,1.1696357989164,2012
Iona,MAAC,14,0.758456,113.065,102.357,71.0412,0.0050408559754916,2012
New Mexico St.,WAC,13,0.733249,106.348,97.3961,70.8328,-2.0299660003147,2012
Colorado St.,MWC,11,0.721557,110.137,101.385,64.5923,-1.004738444012,2012
Lehigh,Pat,15,0.714496,106.051,97.9199,68.527,-1.2611689967161,2012
Montana,BSky,13,0.665009,100.97,95.1254,65.6107,-1.6914348984394,2012
Detroit,Horz,15,0.628578,106.173,101.425,67.8672,-5.2137321516887,2012
UNC Asheville,BSth,16,0.603369,107.4,103.553,69.2657,-3.3399538725188,2012
Lamar,Slnd,16,0.594545,104.627,101.202,67.2815,-4.3315455515067,2012
Vermont,AE,16,0.590992,101.931,98.7202,63.3052,-5.531072352315,2012
Loyola MD,MAAC,15,0.590832,102.085,98.8748,64.6104,-1.5479304296759,2012
LIU Brooklyn,NEC,16,0.52951,107.836,106.733,74.1779,-2.6004082082474,2012
Norfolk St.,MEAC,15,0.445595,98.0965,99.978,67.7682,-2.8237645773814,2012
Western Kentucky,SB,16,0.436029,96.4499,98.6322,68.8137,-10.319741971249,2012
Mississippi Valley St.,SWAC,16,0.24503,94.3666,104.067,70.0781,-4.9247825025294,2012
Louisville,BE,1,0.974259,115.877,84.4841,67.1346,8.9676040048452,2013
Florida,SEC,3,0.969444,115.717,85.6719,62.8034,4.0971352517764,2013
Indiana,B10,1,0.969155,120.995,89.6553,67.7686,7.7872668714699,2013
Gonzaga,WCC,1,0.959866,118.878,90.2017,65.1336,7.6490474755041,2013
Syracuse,BE,4,0.953261,113.047,86.9735,65.3648,5.1431489942709,2013
Michigan,B10,4,0.952155,121.492,93.6707,64.7924,6.2454395167765,2013
Kansas,B12,1,0.951384,111.576,86.1506,67.6933,7.4931782835079,2013
Duke,ACC,2,0.950737,118.393,91.5247,67.8076,7.5472544963989,2013
Ohio St.,B10,2,0.940578,113.625,89.3665,65.2521,7.2234695203356996,2013
Wisconsin,B10,5,0.940553,107.157,84.2825,61.9359,4.6477364014274,2013
Michigan St.,B10,3,0.939247,111.389,87.7876,64.4052,6.7455096902272,2013
Georgetown,BE,2,0.938128,107.644,84.9796,62.4828,6.5614716523941,2013
Arizona,P12,6,0.922884,114.442,92.2247,66.8157,4.5577812122941,2013
Pittsburgh,BE,8,0.921657,112.846,91.0735,60.2937,3.1335647486153,2013
Miami FL,ACC,2,0.920655,112.407,90.828,63.0394,6.2861354741093,2013
VCU,A10,5,0.919496,113.766,92.0521,68.1406,2.5573557544245,2013
Saint Louis,A10,4,0.918147,107.955,87.4879,64.6628,3.7666347564078,2013
Creighton,MVC,7,0.911704,116.417,95.0278,65.2263,3.4852371183217,2013
Minnesota,B10,11,0.905034,112.578,92.5369,64.133,2.1287872733047,2013
Wichita St.,MVC,9,0.904514,110.607,90.9647,65.0383,2.1924675736864,2013
Marquette,BE,3,0.902016,112.985,93.1511,64.5908,4.4862762026133,2013
Oklahoma St.,B12,5,0.898321,107.108,88.6228,67.3199,3.1552131485048,2013
Saint Mary's,WCC,11,0.890975,113.942,94.9187,64.7987,2.5248415362598,2013
North Carolina,ACC,8,0.890162,111.614,93.0461,71.3647,2.5120234503473,2013
Kansas St.,B12,4,0.889585,113.352,94.5435,63.0092,5.3703664984269,2013
Iowa St.,B12,10,0.882839,117.192,98.3173,69.5846,0.70946360604496,2013
Missouri,SEC,9,0.881507,113.345,95.1953,67.6578,1.1754893402438,2013
Colorado St.,MWC,8,0.875901,116.569,98.352,64.7868,1.8762152005026,2013
San Diego St.,MWC,7,0.875232,105.966,89.4539,66.8232,0.43926898777251,2013
Illinois,B10,7,0.874937,109.786,92.7004,66.0797,2.4279668979645,2013
UNLV,MWC,5,0.874928,104.669,88.3806,69.2942,1.7579041383501,2013
Notre Dame,BE,7,0.874792,112.947,95.3807,61.6689,3.8514229420419,2013
Cincinnati,BE,10,0.873019,104.461,88.3376,65.4876,1.708161095644,2013
Oregon,P12,12,0.872774,104.8,88.6415,69.1837,2.8767054052802,2013
Memphis,CUSA,6,0.86724,106.145,90.1616,69.3001,4.469678696397,2013
North Carolina St.,ACC,8,0.865014,115.229,98.0419,68.0936,2.1600823203539,2013
New Mexico,MWC,3,0.864064,106.953,91.0645,65.4379,6.8765535656412,2013
Butler,A10,6,0.862443,109.153,93.0485,64.6574,4.7318754381015,2013
La Salle,A10,13,0.851628,111.977,96.192,66.0285,0.34774635443241,2013
Colorado,P12,10,0.851277,104.937,90.1657,65.5438,1.400464598331,2013
Villanova,BE,9,0.850688,105.335,90.5445,67.7379,0.31859548627171,2013
UCLA,P12,6,0.847549,110.017,94.771,69.6293,3.335294344827,2013
Middle Tennessee,SB,11,0.839631,105.087,90.9981,64.8699,0.65862979918332,2013
Oklahoma,B12,10,0.8391,110.315,95.5578,66.7279,0.30403159733158,2013
Mississippi,SEC,12,0.834039,110.014,95.6042,70.8552,1.5523467019797,2013
Boise St.,MWC,13,0.833191,111.964,97.3503,66.2338,-0.18266969803807,2013
Temple,A10,9,0.821986,110.693,96.9049,66.8206,1.4564383085034,2013
California,P12,12,0.821065,105.431,92.3487,66.5154,0.48874801829955,2013
Belmont,OVC,11,0.806444,108.884,96.1767,67.3642,0.10694166148374,2013
Davidson,SC,14,0.795908,110.614,98.2688,65.248,-1.4366824754121,2013
Bucknell,Pat,11,0.793597,104.684,93.1148,63.4071,1.0322958996197,2013
Valparaiso,Horz,14,0.751357,107.802,97.9184,65.627,-0.81458578826449,2013
Akron,MAC,12,0.740246,103.42,94.4182,66.4638,0.32496420858469,2013
New Mexico St.,WAC,13,0.699228,102.544,95.2909,65.0943,-3.0902439455538,2013
Iona,MAAC,15,0.695552,112.778,104.96,71.3192,-5.9223877486073,2013
Florida Gulf Coast,ASun,15,0.695229,103.412,96.2559,69.1225,-4.0477497531504,2013
South Dakota St.,Sum,13,0.657253,109.704,103.665,63.9623,-3.2486763630226,2013
Harvard,Ivy,14,0.6362,104.919,99.9415,64.7371,-2.6371270739351,2013
Pacific,BW,15,0.599129,104.703,101.108,63.3579,-5.1400233049453,2013
Northwestern St.,Slnd,14,0.572958,104.767,102.123,73.0079,-3.1693411254524,2013
Albany,AE,15,0.572175,101.192,98.6656,63.2115,-4.5452434775305,2013
Montana,BSky,13,0.492871,101.579,101.832,63.9091,-1.444431939554,2013
Western Kentucky,SB,16,0.489457,100.079,100.446,65.9884,-8.4011733833823,2013
Southern,SWAC,16,0.474974,95.8938,96.7328,64.993,-5.6618213233164,2013
James Madison,CAA,16,0.473628,98.5161,99.4248,64.185,-8.885805810552,2013
LIU Brooklyn,NEC,16,0.419507,108.099,111.196,69.2919,-8.6490779069861,2013
North Carolina A&T,MEAC,16,0.345928,90.5772,95.7358,66.8613,-11.481105938796,2013
Liberty,BSth,16,0.259125,100.099,109.674,65.7294,-15.562034368864,2013
Louisville,Amer,4,0.971034,118.835,87.5596,68.7938,5.3148474910599,2014
Arizona,P12,1,0.963574,116.155,87.3664,64.321,9.4417184543182,2014
Florida,SEC,1,0.957514,115.87,88.3746,63.0652,11.720617117867,2014
Virginia,ACC,1,0.944922,114.638,89.5342,61.2236,8.1908697955004,2014
Wisconsin,B10,2,0.944055,122.676,95.949700000000007,63.9327,7.9473674433913,2014
Duke,ACC,3,0.943151,125.905,98.6206,66.6796,6.4757482603484,2014
Tennessee,SEC,11,0.937371,118.128,93.3611,63.0867,0.36321922913518,2014
Michigan St.,B10,4,0.931921,119.59,95.2537,66.2339,6.9350743798411,2014
Michigan,B10,2,0.929499,125.018,99.9026,62.5712,7.7289589042315,2014
Wichita St.,MVC,1,0.929451,116.352,92.9837,65.1082,8.1132364631384,2014
Kansas,B12,2,0.926975,119.187,95.5571,68.1689,6.8990124029121,2014
Pittsburgh,ACC,9,0.926085,117.143,94.0252,63.7693,4.1382080562347,2014
Villanova,BE,2,0.925979,115.184,92.4653,67.5558,8.3341393853521,2014
Connecticut,Amer,7,0.917125,112.528,91.3014,64.8058,4.7345617997184,2014
UCLA,P12,4,0.916657,119.01,96.6125,70.1928,4.5394607940535,2014
Syracuse,ACC,3,0.915628,114.215,92.828,61.5035,7.8675255642861,2014
Creighton,BE,3,0.914367,125.217,101.914,65.4119,5.6224235068472,2014
Ohio St.,B10,6,0.910736,108.366,88.5482,65.3627,4.4764686601268,2014
Iowa,B10,11,0.908895,121.212,99.2379,70.8664,1.174578829,2014
Oklahoma St.,B12,9,0.906728,115.586,94.8449,69.2456,1.3722541135279,2014
Gonzaga,WCC,8,0.906371,113.641,93.2833,66.5198,3.9533233470428,2014
Kentucky,SEC,8,0.906163,117.196,96.2225,65.909,3.8979414113098,2014
San Diego St.,MWC,4,0.896049,109.412,90.7231,63.9839,5.9789368914085,2014
VCU,A10,5,0.895523,108.3,89.8446,70.8104,3.6199727376073,2014
Iowa St.,B12,3,0.890344,118.569,98.8282,71.6363,7.4903844280103,2014
Baylor,B12,6,0.888511,119.166,99.4873,62.9486,3.113264577593,2014
North Carolina,ACC,6,0.888298,113.376,94.6708,70.8309,4.2222557974057,2014
Oklahoma,B12,5,0.879267,118.179,99.4397,71.605,4.0776784106538,2014
Cincinnati,Amer,5,0.878319,108.654,91.4954,63.4541,5.3066436024493,2014
Oregon,P12,7,0.871963,118.101,99.9547,69.2991,2.6258448208788,2014
New Mexico,MWC,7,0.869327,112.838,95.6956,66.163,4.4312739231774,2014
Harvard,Ivy,12,0.864096,111.867,95.2464,65.5156,2.2441063838599,2014
Texas,B12,7,0.850676,112.446,96.6576,68.6696,3.6307440416449,2014
Memphis,Amer,8,0.847947,112.577,96.9502,69.4933,2.7952325904128,2014
Saint Louis,A10,5,0.847736,104.947,90.3918,67.4685,3.8208968550534,2014
Kansas St.,B12,9,0.847321,107.867,92.9331,64.8326,0.53000621738785,2014
Stanford,P12,10,0.843637,111.734,96.5009,67.2219,1.1320715845339,2014
Arizona St.,P12,10,0.8252,110.326,96.3977,69.2737,1.185326758216,2014
Providence,BE,11,0.824942,114.93,100.436,64.8653,1.2438014154025,2014
Dayton,A10,11,0.818785,112.984,99.0976,65.3632,0.62430491205464,2014
Nebraska,B10,11,0.817188,108.249,95.0331,66.4279,1.265124026349,2014
George Washington,A10,9,0.815057,110.177,96.8451,67.164,3.1699574667663,2014
BYU,WCC,10,0.807846,113.819,100.458,72.9699,0.56471455019006,2014
North Carolina St.,ACC,12,0.806604,114.847,101.435,66.476,0.63365959761343,2014
Xavier,BE,12,0.796451,112.044,99.5102,65.9793,1.4352919382982,2014
Massachusetts,A10,6,0.795213,108.977,96.8506,71.7981,3.5753460907283,2014
Colorado,P12,8,0.774045,106.863,96.0121,66.9335,2.4062402744858,2014
North Dakota St.,Sum,12,0.761286,113.938,103.008,64.0271,0.18632064719022,2014
Tulsa,CUSA,13,0.753738,105.574,95.7881,68.3881,-3.5649324410001,2014
Stephen F. Austin,Slnd,12,0.752656,111.958,101.632,63.4566,1.7181188131767,2014
Manhattan,MAAC,13,0.751858,106.183,96.4251,69.5745,-0.51121356030196,2014
New Mexico St.,WAC,13,0.738488,111.633,101.997,67.1234,-2.3430388304848,2014
North Carolina Central,MEAC,14,0.701782,107.918,100.178,64.1038,-0.57643282274226,2014
Mercer,ASun,14,0.699256,109.6,101.846,65.2081,-2.756958695662,2014
Louisiana Lafayette,SB,14,0.655661,110.513,104.494,70.0299,-3.769913827273,2014
Delaware,CAA,13,0.623685,110.743,105.983,72.3479,-1.3557779921591,2014
American,Pat,15,0.617838,101.847,97.6802,61.4102,-5.4848136154105,2014
Eastern Kentucky,OVC,15,0.617717,112.069,107.489,66.0398,-3.3360109246026,2014
Western Michigan,MAC,14,0.560534,104.712,102.52,67.0327,-2.8955696656419,2014
Milwaukee,Horz,15,0.51225,104.297,103.853,67.7726,-6.0720819794486,2014
Albany,AE,16,0.489995,102.783,103.142,63.1911,-8.6499194488006,2014
Weber St.,BSky,16,0.483104,105.969,106.593,64.3257,-6.9215755716602,2014
Cal Poly,BW,16,0.435559,102.026,104.352,60.3707,-10.704453077664,2014
Wofford,SC,15,0.427455,99.6674,102.233,62.1267,-6.5293016590759,2014
Mount St. Mary's,NEC,16,0.398562,107.088,110.988,69.9214,-9.4442515869676,2014
Coastal Carolina,BSth,16,0.39463,98.2976,102.024,67.5001,-7.664666109857,2014
Texas Southern,SWAC,16,0.329305,106.086,112.855,67.5922,-9.7242383189393,2014
Kentucky,SEC,1,0.984165,120.261,83.9795,63.4539,13.08901321669,2015
Duke,ACC,1,0.976397,125.215,90.5895,66.3811,10.663753981302,2015
Wisconsin,B10,1,0.975832,129.065,93.5719,59.3403,11.350858797806,2015
Arizona,P12,2,0.969953,117.498,86.8594,66.7181,8.9521155233041,2015
Villanova,BE,1,0.966255,121.938,91.0861,64.6909,11.340884905511,2015
Virginia,ACC,2,0.964753,112.099,84.0659,58.3783,9.9863596965443,2015
Utah,P12,5,0.951278,114.854,88.699700000000007,61.3601,3.6600933962637,2015
North Carolina,ACC,4,0.95068,119.609,92.4751,69.889,6.5402707987566,2015
Gonzaga,WCC,2,0.9498,120.173,93.061,65.1819,7.7674509375598,2015
Notre Dame,ACC,3,0.940114,125.301,98.6203,63.9184,8.5707817218085,2015
Oklahoma,B12,3,0.93493,111.621,88.5323,67.5029,4.4710912147793,2015
Michigan St.,B10,7,0.932674,116.323,92.5547,63.9355,3.0554915290527,2015
Baylor,B12,3,0.931557,116.285,92.6668,62.0558,4.9675593660982,2015
Kansas,B12,2,0.930781,113.556,90.5876,67.198,8.9740624607784,2015
Louisville,ACC,4,0.929033,109.365,87.4484,65.5619,5.7767794916782,2015
Wichita St.,MVC,7,0.927706,114.267,91.5267,62.5757,4.2304895284427,2015
Northern Iowa,MVC,5,0.922848,115.441,93.0333,58.4597,5.3520730026458,2015
Iowa,B10,7,0.921066,113.954,92.0336,64.586,2.0759546994467,2015
Butler,BE,6,0.911519,108.501,88.5835,63.8933,3.4982540280502,2015
Ohio St.,B10,10,0.910439,113.898,93.0981,66.2604,2.4873751511177,2015
Iowa St.,B12,3,0.910332,116.887,95.5521,69.8164,7.0604188280707,2015
Xavier,BE,6,0.904944,115.673,95.0898,65.5431,1.3510317123817,2015
Texas,B12,11,0.9048,110.267,90.6588,62.7939,0.94655829393722,2015
Georgetown,BE,4,0.894518,112.637,93.5301,64.557,3.7587929942912,2015
Providence,BE,6,0.882092,111.569,93.6585,65.7477,3.6751433182993,2015
West Virginia,B12,5,0.873282,110.296,93.2528,68.6029,4.1155312977977,2015
BYU,WCC,11,0.86992,118.293,100.276,70.8439,0.80785786443689,2015
Arkansas,SEC,5,0.869585,113.195,95.9787,69.93,3.8424695971896,2015
San Diego St.,MWC,8,0.869058,103.107,87.4606,61.2363,1.2801634474545,2015
North Carolina St.,ACC,8,0.868418,114.1,96.833,64.7434,1.1195027193802,2015
Purdue,B10,9,0.865433,110.452,93.9481,65.0393,1.0030776140228,2015
SMU,Amer,6,0.863544,111.101,94.6327,63.6072,3.1369675151169,2015
Maryland,B10,4,0.861858,110.167,93.9534,64.4538,6.9150496181921,2015
St. John's,BE,9,0.856865,110.587,94.6505,66.9958,2.3500900923807,2015
Georgia,SEC,10,0.84822,107.581,92.6305,64.8401,1.5897725749364,2015
LSU,SEC,9,0.847655,107.772,92.8299,70.1336,0.47709606566263,2015
Indiana,B10,10,0.847323,119.497,102.953,67.1595,-0.26783543583686,2015
Oklahoma St.,B12,9,0.846912,110.74,95.4344,64.0381,0.24055491330872,2015
Davidson,A10,10,0.843533,118.329,102.204,67.1877,1.6822025497222,2015
UCLA,P12,11,0.842494,111.812,96.6412,66.7872,-0.0034491620836252,2015
Cincinnati,Amer,8,0.837954,106.463,92.2886,60.3018,-1.3254708669841,2015
Oregon,P12,8,0.837899,114.3,99.0858,66.9352,2.9766322625512,2015
VCU,A10,7,0.837336,108.432,94.0324,67.1958,3.006685838678,2015
Boise St.,MWC,11,0.820996,109.54,95.9514,63.445,0.20689867241714,2015
Dayton,A10,11,0.805875,106.982,94.527,63.8357,0.77063760694515,2015
Mississippi,SEC,11,0.803713,112.188,99.2451,66.556,-0.5167685080373,2015
Stephen F. Austin,Slnd,12,0.791893,111.021,98.8414,66.3686,1.2283754255067,2015
Georgia St.,SB,14,0.780152,109.46,98.0452,63.1568,-2.9555990621553,2015
Buffalo,MAC,12,0.77417,109.133,98.0459,68.9422,-1.3093592496221,2015
Valparaiso,Horz,13,0.770606,104.969,94.471,63.0942,0.12208099382735,2015
UC Irvine,BW,13,0.72017,105.112,96.8173,63.8973,-4.5496366182944,2015
Harvard,Ivy,13,0.705718,102.375,94.877,61.5882,-1.3397201944147,2015
New Mexico St.,WAC,15,0.661306,103.933,98.0583,64.0204,-4.4938949491256,2015
Northeastern,CAA,14,0.658605,106.99,101.048,63.6429,-4.5680360207089,2015
Wofford,SC,12,0.654652,102.314,96.7794,61.2317,0.21455871072402,2015
Wyoming,MWC,12,0.612077,102.125,98.154,59.1999,-1.5889477849311,2015
Albany,AE,14,0.574854,104.939,102.222,61.2858,-3.3235834965414,2015
UAB,CUSA,14,0.572051,102.69,100.131,65.3366,-7.4689981848521,2015
Eastern Washington,BSky,13,0.564752,110.071,107.606,68.5349,-2.5923425967589,2015
Belmont,OVC,15,0.549674,108.705,106.836,67.5907,-4.6983855726384,2015
Coastal Carolina,BSth,16,0.541744,104.508,102.998,64.0732,-5.0701202854547,2015
Manhattan,MAAC,16,0.523846,100.206,99.3773,68.0175,-7.662016847479,2015
North Florida,ASun,16,0.506282,105.239,105.01,67.4601,-5.0757287624806,2015
North Dakota St.,Sum,15,0.503462,100.815,100.693,61.4535,-3.9519977203699,2015
Robert Morris,NEC,16,0.42864,100.73,103.279,65.9808,-8.5677004097202,2015
Lafayette,Pat,16,0.383941,109.849,114.46,65.1155,-7.0900338061555,2015
Texas Southern,SWAC,15,0.337116,101.899,108.07,63.7079,-4.4573186596536,2015
Hampton,MEAC,16,0.293936,94.7754,102.28,69.6003,-12.59038053195,2015
Villanova,BE,2,0.970287,123.051,90.8731,66.641,8.9299114524666,2016
Kansas,B12,1,0.966188,120.948,90.3629,70.1047,11.606199794077,2016
Virginia,ACC,1,0.960005,119.922,90.9649,61.8262,8.6569061820714,2016
North Carolina,ACC,1,0.953144,123.289,94.8752,71.6308,8.5373599173429,2016
Kentucky,SEC,4,0.951703,123.203,95.0711,68.2194,5.0125369122541,2016
Michigan St.,B10,2,0.94283,122.544,96.0378,67.5784,7.2421764850033,2016
West Virginia,B12,3,0.939593,114.813,90.438,70.8686,7.4143898866978,2016
Oklahoma,B12,2,0.932643,118.232,94.0781,70.8028,8.0373040675974,2016
Wichita St.,MVC,11,0.932131,110.307,87.8342,66.7319,0.16573248855494,2016
Purdue,B10,5,0.93155,117.191,93.3901,68.8421,4.358288761051,2016
Gonzaga,WCC,11,0.923771,117.424,94.5243,68.1909,2.0995123190405,2016
Xavier,BE,2,0.922949,116.997,94.2762,72.3827,7.7180934408062,2016
Miami FL,ACC,3,0.920301,119.437,96.5496,67.0144,6.8590614910425,2016
Indiana,B10,5,0.91684,121.268,98.4246,69.4772,3.2068047330781,2016
Oregon,P12,1,0.916324,118.4,96.1538,68.9742,6.6892052840697,2016
Iowa St.,B12,4,0.916194,121.395,98.6005,72.3161,3.5806879977006,2016
Vanderbilt,SEC,11,0.914845,114.529,93.1646,68.6292,-0.35258706095052,2016
Texas A&M,SEC,3,0.912643,113.037,92.1747,68.3606,5.2064833537135,2016
Duke,ACC,4,0.91222,121.168,98.8502,68.6731,4.2234938022241,2016
Arizona,P12,6,0.902179,116.056,95.6681,69.0497,3.4021827598997,2016
Seton Hall,BE,6,0.901365,110.836,91.4378,70.4072,5.2936281279384,2016
California,P12,4,0.900594,112.432,92.8244,68.8125,2.2369637455309,2016
Baylor,B12,5,0.89237,119.259,99.2225,67.364,3.5468493755971,2016
Butler,BE,9,0.88985,118.243,98.6001,69.1633,2.0508208930192,2016
Syracuse,ACC,10,0.885657,111.886,93.6414,65.5139,-0.29037876378157,2016
Iowa,B10,7,0.88533,114.396,95.7691,69.8091,1.9653956621587,2016
Maryland,B10,5,0.883859,114.942,96.3462,67.9187,3.9521505712075,2016
VCU,A10,10,0.881059,112.083,94.1711,70.2676,-0.0918547553992,2016
Utah,P12,3,0.880728,115.763,97.2893,66.8903,5.6442322405606,2016
Connecticut,Amer,9,0.873152,110.487,93.4244,66.8244,1.1618733646593,2016
Cincinnati,Amer,9,0.866027,109.992,93.5148,65.9954,0.28685252486763,2016
Pittsburgh,ACC,10,0.865933,113.949,96.8858,66.2783,1.7616128523101,2016
Texas,B12,6,0.862703,112.225,95.6493,66.2976,3.2248542636041,2016
Saint Joseph's,A10,8,0.860006,114.238,97.5564,70.8896,3.4215814782521,2016
Wisconsin,B10,7,0.850889,108.824,93.531,64.0403,0.42087271102434,2016
USC,P12,8,0.835221,113.686,98.7211,72.0512,0.16933731008529,2016
Notre Dame,ACC,6,0.82687,118.348,103.303,65.4727,2.3040410811814,2016
Stephen F. Austin,Slnd,14,0.823457,110.307,96.4824,68.216,-1.1640899252719,2016
Texas Tech,B12,8,0.822685,113.05,98.9272,67.2146,1.3373041553506,2016
Yale,Ivy,12,0.82089,109.109,95.5801,66.7262,-0.052745577848316,2016
Michigan,B10,11,0.819955,113.413,99.4054,66.3038,0.80969017529195,2016
Providence,BE,9,0.819276,108.745,95.352,69.2776,3.3482395438387,2016
Dayton,A10,7,0.818356,105.502,92.5585,68.4518,2.4241547635629,2016
Northern Iowa,MVC,11,0.810896,109.707,96.6623,63.6914,-2.1330487178146,2016
Colorado,P12,8,0.807181,107.805,95.1852,69.9012,0.68913381330417,2016
Hawaii,BW,13,0.794457,106.867,95.0138,71.3966,0.82996823771816,2016
Oregon St.,P12,7,0.788036,109.913,98.0522,67.958,0.27162976666429,2016
Arkansas Little Rock,SB,12,0.773247,107.602,96.7151,63.8109,2.0588618603634,2016
Tulsa,Amer,11,0.748562,109.488,99.5786,69.3273,-1.1912851617973,2016
South Dakota St.,Sum,12,0.736977,110.523,101.052,69.1391,-1.1954967914052,2016
Temple,Amer,10,0.731814,106.318,97.4308,66.4933,-0.12629033833747,2016
UNC Wilmington,CAA,13,0.718592,109.512,100.939,71.3039,-0.72564958586323,2016
Cal St. Bakersfield,WAC,15,0.710613,103.429,95.657,68.3719,-3.5168324700433,2016
Iona,MAAC,14,0.682187,109.126,102.114,72.577,-3.5540623248286,2016
Fresno St.,MWC,14,0.664607,106.274,100.139,69.7904,-0.86068180447274,2016
Stony Brook,AE,13,0.64802,104.642,99.2333,67.7292,-1.126263150482,2016
Chattanooga,SC,12,0.62859,105.567,100.846,67.2454,0.39357908491946,2016
Middle Tennessee,CUSA,15,0.622432,103.895,99.4759,68.433,-3.1648960423286,2016
Buffalo,MAC,14,0.574612,105.143,102.43,72.9118,-5.8194005409864,2016
Green Bay,Horz,14,0.572927,106.946,104.248,77.2423,-4.5231638654543,2016
Weber St.,BSky,15,0.559917,101.651,99.5448,67.6539,-3.6695000802553,2016
UNC Asheville,BSth,15,0.548685,101.152,99.4478,71.0036,-6.2604935086762,2016
Florida Gulf Coast,ASun,16,0.513593,102.856,102.371,67.9274,-8.4141622415621,2016
Austin Peay,OVC,16,0.350145,103.386,109.098,70.4856,-11.338058425696,2016
Southern,SWAC,16,0.306515,98.9205,106.199,69.4454,-8.1069843989604,2016
Hampton,MEAC,16,0.261523,98.181,107.456,71.8571,-6.2828635748859,2016
Holy Cross,Pat,16,0.239836,96.7245,106.93,64.5295,-14.467009569553,2016
Fairleigh Dickinson,NEC,16,0.208965,102.993,115.632,72.4376,-9.8879804057434,2016
Gonzaga,WCC,1,0.972764,117.823,86.3371,71.534,7.7181167190663,2017
North Carolina,ACC,1,0.961477,121.014,91.4825,72.8023,8.3482089773565,2017
Villanova,BE,1,0.961112,122.247,92.4935,65.641,11.068213079029,2017
Florida,SEC,4,0.957626,116.626,88.9296,70.2417,6.3448025722763,2017
Kentucky,SEC,2,0.951658,118.34,91.3261,73.7451,9.0220775310695,2017
West Virginia,B12,4,0.949801,115.363,89.3361,72.1946,6.4265522730715,2017
Virginia,ACC,5,0.94773,111.792,86.8926,60.3219,4.9903002198982,2017
Kansas,B12,1,0.947213,121.491,94.5168,71.3567,11.007573767463,2017
Louisville,ACC,2,0.946942,117.595,91.5284,69.4411,6.871854879257,2017
Duke,ACC,2,0.943609,122.079,95.5527,69.6548,8.5558077962204,2017
SMU,Amer,6,0.942586,120.035,94.1087,64.7532,6.4136183011271,2017
Wichita St.,MVC,10,0.940316,117.185,92.2038,69.9733,4.0785928228641,2017
Michigan,B10,7,0.936613,123.307,97.5632,63.959,3.7763922880283,2017
Saint Mary's,WCC,7,0.933436,118.046,93.8263,61.24,3.8722219437743,2017
Oregon,P12,3,0.93214,117.791,93.7925,68.4179,5.9602692473455,2017
Purdue,B10,4,0.929712,116.568,93.1235,70.4053,5.5658056262361,2017
Cincinnati,Amer,6,0.929177,115.153,92.0583,65.3766,5.6233319856223,2017
Iowa St.,B12,5,0.92646,119.963,96.2426,69.5879,6.4867107835431,2017
Wisconsin,B10,8,0.925549,114.54,91.9988,64.3853,5.1315341295855,2017
Baylor,B12,3,0.922589,116.445,93.8724,65.0977,7.9032631770045,2017
Oklahoma St.,B12,10,0.92209,126.822,102.299,72.937,3.3490788919522,2017
Notre Dame,ACC,5,0.920516,119.287,96.4034,68.2723,5.9390697678099,2017
UCLA,P12,3,0.917532,122.773,99.5677,74.6287,6.6568567395068,2017
Arizona,P12,2,0.915664,117.577,95.5565,67.0943,7.8725940214056,2017
South Carolina,SEC,7,0.908291,108.662,89.0197,69.5931,1.6628717743686,2017
Butler,BE,4,0.90384,117.717,96.8774,67.2365,5.5299683549655,2017
Florida St.,ACC,3,0.901418,115.387,95.1875,72.7878,5.9061486457768,2017
Creighton,BE,6,0.893082,114.473,95.1798,72.6996,4.2845883167698,2017
Vanderbilt,SEC,9,0.889787,112.497,93.8142,67.0339,0.11906199382632,2017
Marquette,BE,10,0.888065,121.835,101.755,71.5214,0.61492400884519,2017
Wake Forest,ACC,11,0.883119,122.351,102.621,72.0154,1.2863897926199,2017
Kansas St.,B12,11,0.881822,112.233,94.2369,67.1889,1.6592454695575,2017
Miami FL,ACC,8,0.880419,110.805,93.1463,64.6379,2.9021060293239,2017
Rhode Island,A10,11,0.871672,111.121,94.0687,67.7442,0.41007887471907,2017
Xavier,BE,11,0.871313,115.573,97.8647,68.4062,1.6092394477672,2017
Minnesota,B10,5,0.866489,109.346,92.9338,70.9018,3.6771079005419,2017
Michigan St.,B10,9,0.866095,111.592,94.8705,68.121,0.38170635101802,2017
Northwestern,B10,8,0.856385,111.2,95.2075,66.9002,1.9652433890272,2017
Maryland,B10,6,0.844764,113.411,97.8766,68.5753,3.6541594172817,2017
Virginia Tech,ACC,9,0.840113,118.371,102.469,70.0144,3.3320510131341,2017
Middle Tennessee,CUSA,12,0.833938,111.152,96.5987,65.7858,2.0263626638079,2017
Arkansas,SEC,8,0.833861,114.851,99.8186,70.9662,3.8945055078332,2017
Dayton,A10,7,0.833318,111.578,97.0071,69.6004,1.4787684311341,2017
Providence,BE,11,0.827781,108.299,94.4785,67.6383,0.60592912851099,2017
Seton Hall,BE,9,0.817799,108.948,95.6124,68.8779,2.6525144233751,2017
Nevada,MWC,12,0.802134,113.722,100.689,71.0109,1.6681317783596,2017
Princeton,Ivy,12,0.798904,107.59,95.4281,64.199700000000007,-0.43329606328046,2017
VCU,A10,10,0.798845,108.099,95.8827,70.1195,1.3350130457543,2017
USC,P12,11,0.796562,113.269,100.592,70.0591,1.2876798233978,2017
UNC Wilmington,CAA,12,0.788075,117.724,105.019,71.4566,1.5222638288622,2017
Vermont,AE,13,0.786354,109.994,98.2106,65.8385,0.71126460081698,2017
East Tennessee St.,SC,13,0.759475,107.337,97.1238,71.4792,-0.72081566030455,2017
Bucknell,Pat,13,0.735222,108.272,99.0714,71.368,-2.0780533018969,2017
New Mexico St.,WAC,14,0.678263,109.36,102.493,69.1109,-0.25133907415943,2017
Florida Gulf Coast,ASun,14,0.616911,107.757,103.383,67.1611,-1.7330250250203,2017
Winthrop,BSth,13,0.610601,105.348,101.307,72.2761,-1.7630025642468,2017
Iona,MAAC,14,0.587937,109.318,105.991,71.7291,-5.7685853431828,2017
Troy,SB,15,0.559615,108.814,106.571,69.3557,-8.0900128124062,2017
Northern Kentucky,Horz,15,0.536979,105.497,104.147,69.2772,-4.9458787732327,2017
Kent St.,MAC,14,0.532241,104.099,102.936,69.531,-7.2006505360163,2017
North Dakota,BSky,15,0.511213,103.089,102.687,72.5011,-5.3369786003875,2017
Jacksonville St.,OVC,15,0.505443,104.361,104.163,65.0301,-8.0514514303398,2017
North Carolina Central,MEAC,16,0.504348,101.449,101.295,68.0358,-5.0806072682113,2017
South Dakota St.,Sum,16,0.461169,108.216,109.69,68.4731,-9.7945538352968,2017
New Orleans,Slnd,16,0.453794,99.6284,101.247,67.6501,-6.2989879932363,2017
Mount St. Mary's,NEC,16,0.415509,98.863,101.841,68.2829,-7.9151693951519,2017
UC Davis,BW,16,0.403294,97.3898,100.765,70.3049,-7.4911121048985,2017
Texas Southern,SWAC,16,0.343685,100.64,106.464,70.0016,-4.4086908257235,2017
Villanova,BE,1,0.972517,128.354,94.1301,69.611,10.587683226661,2018
Virginia,ACC,1,0.961243,114.625,86.7002,60.4812,11.256649776364,2018
Duke,ACC,2,0.959228,122.318,92.9449,70.929,6.6362325488824,2018
Purdue,B10,2,0.948403,123.229,95.6683,68.7143,7.6367558096272,2018
Cincinnati,Amer,2,0.941744,111.648,87.6508,66.1872,5.9407583849375,2018
Kansas,B12,1,0.938486,122.113,96.3506,69.9025,8.1868073423248,2018
Michigan,B10,3,0.937454,114.421,90.4208,65.887,6.8880461325386,2018
West Virginia,B12,5,0.935294,120.856,95.8073,71.1591,4.5994862715205,2018
Michigan St.,B10,3,0.934694,118.883,94.3238,68.0438,7.9690498737737,2018
North Carolina,ACC,2,0.924209,120.694,97.1039,72.6018,7.1211639296963,2018
Tennessee,SEC,3,0.922514,114.168,92.0455,67.1206,6.3939458893744,2018
Xavier,BE,1,0.921075,120.917,97.6559,71.6775,8.7792243124825,2018
Gonzaga,WCC,4,0.919224,117.23,94.8858,70.5471,4.8572616285805,2018
Texas Tech,B12,3,0.916972,112.694,91.452,67.5636,4.694933534904,2018
Ohio St.,B10,5,0.915353,115.965,94.2796,68.1579,4.5132752523262,2018
Florida,SEC,6,0.913213,115.174,93.8589,68.4779,1.4045127784773,2018
Houston,Amer,6,0.909718,114.822,93.9246,69.4377,2.4185440370769,2018
Butler,BE,10,0.906785,116.103,95.2641,69.0718,1.6834145448463,2018
Kentucky,SEC,5,0.900045,115.761,95.6238,69.9874,4.3111151903113,2018
Clemson,ACC,5,0.898378,112.531,93.1044,67.2293,3.9535907937275,2018
Seton Hall,BE,8,0.890239,117.781,98.1804,70.6776,2.4634997825615,2018
Creighton,BE,8,0.883643,116.234,97.4472,72.2541,2.0324694897219,2018
TCU,B12,6,0.880352,119.49,100.452,69.9584,2.203801340108,2018
Auburn,SEC,4,0.867159,114.03,96.8653,73.7967,4.2649923210966,2018
Wichita St.,Amer,4,0.867121,120.936,102.735,70.0588,3.3679496303891,2018
Texas A&M,SEC,7,0.863999,111.209,94.6928,70.2512,1.9333397348821,2018
Florida St.,ACC,9,0.863119,113.168,96.4234,72.5384,0.95483922595425,2018
Miami FL,ACC,6,0.862343,113.277,96.5712,68.1969,2.6784540862625,2018
Kansas St.,B12,9,0.858355,109.559,93.6715,66.4537,2.551841023567,2018
Virginia Tech,ACC,8,0.85785,115.24,98.5644,70.2209,1.343053615485,2018
Texas,B12,10,0.854718,109.338,93.7233,66.6198,1.3657386526657,2018
Arizona,P12,4,0.852757,116.976,100.407,68.3056,3.8157585093272,2018
San Diego St.,MWC,11,0.848646,110.244,94.8962,70.0275,-1.5430573182851,2018
Arkansas,SEC,7,0.848302,116.657,100.44,71.0545,2.8008392137229,2018
Nevada,MWC,7,0.846196,118.877,102.496,70.6993,2.4852244627819,2018
Loyola Chicago,MVC,11,0.844424,110.529,95.4104,66.3959,1.9605950281199,2018
Missouri,SEC,8,0.842016,110.998,95.9673,66.7981,0.43821273213056,2018
Oklahoma,B12,10,0.835046,114.568,99.498,76.7294,1.0933161782494,2018
Syracuse,ACC,11,0.834356,105.979,92.0794,63.974,-0.4335623964442,2018
Davidson,A10,12,0.82303,116.973,102.339,65.5329,-2.8760922806162,2018
North Carolina St.,ACC,9,0.820984,115.64,101.296,72.7696,0.87337772493654,2018
Arizona St.,P12,11,0.808916,115.713,102.067,72.7087,-1.1956270285322,2018
Alabama,SEC,9,0.807446,107.908,95.2617,69.8905,-1.1223699617296,2018
UCLA,P12,11,0.802926,113.669,100.599,71.4743,-0.030404553273287,2018
Providence,BE,10,0.802675,108.351,95.9056,68.2903,1.9115437408131,2018
South Dakota St.,Sum,12,0.798874,113.231,100.433,71.5458,0.62747166070813,2018
Rhode Island,A10,7,0.798831,109.691,97.2959,69.6124,1.6004213497914,2018
New Mexico St.,WAC,12,0.792652,106.803,95.0473,69.4187,1.3259311844182,2018
Buffalo,MAC,13,0.776123,114.475,102.745,73.8078,-1.3393907190827,2018
St. Bonaventure,A10,11,0.748486,109.647,99.7268,70.3939,1.3991047985668,2018
Murray St.,OVC,12,0.744873,110.63,100.788,67.8399,-0.41071318060193,2018
UNC Greensboro,SC,13,0.720733,103.389,95.2073,66.2169,-1.5843938679824,2018
Montana,BSky,14,0.718357,106.721,98.3758,69.094,-1.1152505842437,2018
Georgia St.,SB,15,0.689358,108.789,101.503,67.6886,-5.0740964283124,2018
Stephen F. Austin,Slnd,14,0.68318,103.781,97.0728,72.0517,-1.8524279169907,2018
Bucknell,Pat,14,0.675984,108.012,101.321,72.8614,-3.0345949734239,2018
Penn,Ivy,16,0.664433,103.564,97.5911,70.1021,-3.3288932898592,2018
Marshall,CUSA,13,0.663289,108.758,102.531,75.9139,-2.5138347189929,2018
College of Charleston,CAA,13,0.568473,106.796,104.267,65.9645,-2.1342174357327,2018
Wright St.,Horz,14,0.563822,99.4003,97.2062,69.301,-3.5260580620842,2018
Lipscomb,ASun,15,0.537476,103.183,101.845,75.8684,-3.1673633679606,2018
Iona,MAAC,15,0.533342,108.84,107.583,71.4767,-7.2863005047294,2018
UMBC,AE,16,0.496321,102.088,102.219,69.3278,-4.8628691507318,2018
Cal St. Fullerton,BW,15,0.475975,101.63,102.484,70.7395,-5.4818755547946,2018
Radford,BSth,16,0.455909,101.27,102.84,64.1617,-6.5278894886514,2018
LIU Brooklyn,NEC,16,0.293746,101.854,109.928,72.7853,-13.151567964908,2018
Texas Southern,SWAC,16,0.292952,104.098,112.387,72.63,-10.883642359651,2018
North Carolina Central,MEAC,16,0.152239,94.992,110.29,66.3778,-12.015087103361,2018
Gonzaga,WCC,1,0.973168,124.361,91.007,70.4867,7.148948273697,2019
Virginia,ACC,1,0.971389,123.773,91.0974,59.1996,11.092449700119,2019
Texas Tech,B12,3,0.967037,115.935,86.4195,65.9641,7.0080852554717,2019
Michigan,B10,2,0.963448,115.323,86.7673,64.4418,9.1827943773572,2019
Duke,ACC,1,0.961792,119.642,90.3779,72.1505,11.215887534595,2019
Michigan St.,B10,2,0.956126,120.609,92.2582,67.1359,10.639943893594,2019
North Carolina,ACC,1,0.955091,120.822,92.6172,74.5048,9.9797892908825,2019
Kentucky,SEC,2,0.953349,118.256,90.9652,65.3727,8.7627516350837,2019
Purdue,B10,3,0.950147,123.492,95.5713,65.5379,6.1044911002742,2019
Tennessee,SEC,2,0.944747,123.523,96.5014,67.3328,9.8245661961048,2019
Houston,Amer,3,0.941108,116.59,91.6225,65.7543,7.9308667885302,2019
Auburn,SEC,5,0.937559,122.02,96.4108,67.8261,6.1200167698076,2019
Virginia Tech,ACC,4,0.931551,118.63,94.5368,63.6316,5.0072142633024,2019
Kansas St.,B12,4,0.909779,108.776,88.9736,63.4168,6.5548439299081,2019
Florida St.,ACC,4,0.909501,112.503,92.0493,68.5087,7.6699681669016,2019
Iowa St.,B12,6,0.90617,119.126,97.8065,67.601,4.2895393790148,2019
Kansas,B12,4,0.903004,113.732,93.676,69.9631,8.3299642138761,2019
LSU,SEC,3,0.902039,118.691,97.8534,69.7139,7.3386026026894,2019
Wisconsin,B10,5,0.902001,108.965,89.8386,63.4438,6.2317569458078,2019
Louisville,ACC,7,0.896273,113.707,94.2646,67.089,2.3132935445612,2019
UCF,Amer,9,0.893711,113.589,94.3902,64.8596,2.1676174135329,2019
Mississippi St.,SEC,5,0.891594,117.685,97.9823,67.5351,4.5503387347485,2019
Florida,SEC,10,0.887633,111.134,92.8529,62.757,0.64131163852881,2019
Wofford,SC,7,0.88594,117.308,98.155,65.6063,4.1777986278301,2019
Cincinnati,Amer,7,0.882217,113.15,94.9752,63.5228,5.907425856841,2019
VCU,A10,8,0.881224,105.572,88.6883,68.2103,1.3618859110778,2019
Maryland,B10,6,0.880105,112.399,94.5109,66.1952,4.1757741498617,2019
Buffalo,MAC,6,0.87906,114.536,96.3907,73.4364,5.7480550016327,2019
Oklahoma,B12,9,0.870013,111.252,94.3006,68.7914,2.5313672995851,2019
Oregon,P12,12,0.864287,108.971,92.767,63.8551,-0.97287824758286,2019
Saint Mary's,WCC,11,0.860562,114.117,97.4133,62.5597,-0.60643338243744,2019
Nevada,MWC,7,0.85985,113.521,96.9544,69.3074,4.1176076771008,2019
Syracuse,ACC,8,0.855093,111.272,95.3563,65.8138,0.5098624278218,2019
Marquette,BE,5,0.84653,112.576,97.0414,68.9488,2.8049256731209,2019
Villanova,BE,6,0.838331,115.51,100.106,63.5444,3.7289592868781,2019
Mississippi,SEC,8,0.835125,114.034,99.0298,68.1598,0.95056870204038,2019
Baylor,B12,9,0.831617,115.357,100.398,65.0581,0.94571096454172,2019
Utah St.,MWC,8,0.831326,112.374,97.82,68.1151,2.2441935071318,2019
Iowa,B10,10,0.828992,116.824,101.84,69.3865,3.187248829218,2019
Ohio St.,B10,11,0.8227,108.596,95.0282,65.652,0.85308964999341,2019
Minnesota,B10,10,0.817844,111.114,97.5113,67.3031,2.6836111649687,2019
New Mexico St.,WAC,12,0.815022,112.853,99.1992,65.5869,1.6303222045711,2019
Belmont,OVC,11,0.812663,115.917,102.03,70.9797,1.371415865651,2019
Washington,P12,9,0.803967,106.525,94.2225,65.8273,3.2894744617713,2019
Murray St.,OVC,12,0.784363,111.46,99.6215,68.7248,1.347399621766,2019
Temple,Amer,11,0.780691,110.27,98.7432,68.6525,1.9609789760343,2019
Arizona St.,P12,11,0.769131,109.572,98.6853,70.4155,0.22808283447074,2019
Seton Hall,BE,10,0.766869,108.766,98.0681,68.8928,-0.2856031340952,2019
UC Irvine,BW,13,0.745517,108.263,98.6029,65.1325,0.93221615855089,2019
Liberty,ASun,12,0.740941,110.196,100.573,61.9729,-0.43044752415958,2019
Vermont,AE,13,0.735295,108.155,98.961,65.1962,-0.75387085893644,2019
Yale,Ivy,14,0.702865,111.583,103.535,70.6504,-0.70249362920116,2019
St. John's,BE,11,0.699843,108.307,100.62,70.8316,-1.083186263756,2019
Northeastern,CAA,13,0.671495,110.177,103.536,66.0083,-2.5868776794665,2019
Northern Kentucky,Horz,14,0.670542,108.865,102.342,68.0694,-2.0335424115866,2019
Saint Louis,A10,13,0.65677,102.325,96.7111,66.2206,-2.9655601300632,2019
Georgia St.,SB,14,0.646222,107.737,102.238,69.7755,-1.0994483619268,2019
Old Dominion,CUSA,14,0.632739,100.254,95.6225,64.4261,-1.5763554497815,2019
Colgate,Pat,15,0.600287,110.243,106.412,66.3906,-4.1084497735281,2019
Montana,BSky,15,0.586093,107.338,104.14,66.5372,-3.0124862147574,2019
Bradley,MVC,15,0.516708,102.129,101.537,64.985,-7.6179771993586,2019
Abilene Christian,Slnd,15,0.51193,102.008,101.585,65.602,-2.4745287274663,2019
Gardner Webb,BSth,16,0.486766,107.083,107.577,67.2317,-4.8618212567028,2019
North Dakota St.,Sum,16,0.440053,107.697,109.977,65.0152,-8.4034223374771,2019
Iona,MAAC,16,0.412389,106.348,109.673,70.4083,-10.193753166963,2019
Prairie View A&M,SWAC,16,0.401685,102.876,106.503,70.7123,-6.8866178476093,2019
Fairleigh Dickinson,NEC,16,0.35828,105.698,111.193,66.5416,-9.1519206930585,2019
North Carolina Central,MEAC,16,0.251312,99.2023,109.08,64.8626,-10.783526908621,2019
Gonzaga,WCC,1,0.976891,125.925,90.932,73.5317,8.5001900588347,2021
Baylor,B12,1,0.968292,125.058,92.8957,67.7334,6.6875564962434,2021
Houston,Amer,2,0.955453,119.14,91.2606,64.2948,4.0441324202309,2021
Illinois,B10,1,0.949137,116.918,90.6497,70.4505,8.8101368655271,2021
Michigan,B10,1,0.94771,116.563,90.6037,66.5686,7.0599841965303,2021
Iowa,B10,2,0.939856,123.444,97.1975,69.8237,5.4854960509235,2021
USC,P12,6,0.936213,114.32,90.5051,66.8426,5.5451345769675,2021
Colorado,P12,5,0.929246,115.702,92.4894,66.0712,4.8688491946122,2021
Alabama,SEC,2,0.927824,111.964,89.6675,73.3149,6.8784650100985,2021
Florida St.,ACC,4,0.921065,115.213,93.0504,69.6441,2.3825909998335,2021
Ohio St.,B10,2,0.920465,120.415,97.3214,66.6032,5.9932551850859,2021
Wisconsin,B10,9,0.91666,112.522,91.3448,64.5983,2.0569568548671,2021
Loyola Chicago,MVC,8,0.915073,109.673,89.1918,63.4473,1.8428692806693,2021
Villanova,BE,5,0.910828,118.469,96.7939,64.1365,3.0596061102662,2021
Connecticut,BE,7,0.907958,114.09,93.4985,65.1799,2.0305184781286,2021
Texas Tech,B12,6,0.906667,111.978,91.8906,65.345,0.92345364836307,2021
San Diego St.,MWC,6,0.904493,111.26,91.5033,65.5288,3.0793433665602,2021
UCLA,P12,11,0.902387,115.961,95.5697,63.7093,2.6418023668971,2021
Texas,B12,3,0.899914,112.702,93.1087,68.6542,4.1534609968703,2021
West Virginia,B12,3,0.894463,116.18,96.4766,69.2055,3.015661403004,2021
Virginia,ACC,4,0.89434,113.754,94.4726,59.7051,3.5193095351757,2021
LSU,SEC,8,0.894128,119.812,99.523,70.3404,2.2567135315364,2021
Creighton,BE,5,0.892946,112.595,93.6292,68.6286,3.2477880031221,2021
BYU,WCC,6,0.892362,112.965,93.9869,67.8031,3.5504297052794,2021
Arkansas,SEC,3,0.89147,109.776,91.4072,72.5146,4.5603284884278,2021
Tennessee,SEC,5,0.887422,107.669,89.9741,66.7364,2.3418617713108,2021
Purdue,B10,4,0.88216,112.343,94.3026,66.2641,3.7241519328399,2021
Oregon,P12,7,0.880163,115.909,97.4571,67.1321,4.7567633463666,2021
Kansas,B12,3,0.878809,108.782,91.5667,68.1063,4.3335537988667,2021
Georgia Tech,ACC,9,0.87354,113.781,96.1797,67.2583,1.8428270235633,2021
Maryland,B10,10,0.869712,111.897,94.8695,64.7861,0.057192347492878,2021
St. Bonaventure,A10,9,0.867413,109.778,93.2354,64.3888,1.8843845835485,2021
Oklahoma St.,B12,4,0.866038,108.449,92.2024,72.0105,4.8454318863473,2021
North Carolina,ACC,8,0.861675,109.045,93.0088,71.587,2.4383195576927,2021
Syracuse,ACC,11,0.860202,113.377,96.8071,68.5474,0.52996136462944,2021
Florida,SEC,7,0.856144,110.231,94.3944,68.2256,1.1775319985316,2021
Oklahoma,B12,8,0.855378,111.761,95.7562,67.0835,0.29647846016677,2021
Missouri,SEC,9,0.850852,111.172,95.5508,68.2659,2.079061378486,2021
Rutgers,B10,10,0.844925,106.713,92.0863,67.4413,1.7456807942438,2021
VCU,A10,10,0.842428,104.506,90.3297,69.7589,1.0168901618638,2021
Clemson,ACC,7,0.842031,105.874,91.5364,64.2062,2.891979462033,2021
Utah St.,MWC,11,0.83963,104.338,90.3491,68.7413,-1.1288436762298,2021
Virginia Tech,ACC,10,0.836637,109.476,94.9801,66.1083,0.8864353353804,2021
Georgetown,BE,12,0.829548,108.679,94.7079,69.6053,-1.1029562197174,2021
Oregon St.,P12,12,0.829531,111.102,96.8199,65.154,0.38567658744075,2021
Michigan St.,B10,11,0.799867,106.787,94.6663,68.3992,1.1668594248504,2021
Wichita St.,Amer,11,0.774971,108.363,97.3154,67.0127,1.2975881106944,2021
UC Santa Barbara,BW,12,0.771364,108.388,97.5117,65.3456,0.12020134373477,2021
Ohio,MAC,13,0.767787,110.543,99.6251,69.127,-1.9956920403933,2021
Drake,MVC,11,0.751685,110.753,100.584,66.1929,1.7776286409862,2021
Colgate,Pat,14,0.74963,110.425,100.382,71.6788,0.3694067019538,2021
North Texas,CUSA,13,0.749035,105.762,96.1692,62.8699,-2.4209697398129,2021
Eastern Washington,BSky,14,0.713606,109.491,101.135,72.0005,-3.120770271916,2021
Liberty,ASun,13,0.706255,109.15,101.133,63.3639,-1.6860943436106,2021
Winthrop,BSth,12,0.702745,104.654,97.1094,73.3325,0.98956278933688,2021
Grand Canyon,WAC,15,0.696089,104.407,97.1481,64.871,-2.8754497665841,2021
Abilene Christian,Slnd,14,0.692259,100.52,93.6778,69.2719,-1.0641620833403,2021
UNC Greensboro,SC,13,0.623765,101.912,97.5289,67.9422,-3.3652822119331,2021
Oral Roberts,Sum,15,0.594689,107.809,104.274,71.0499,-4.9352924873578,2021
Morehead St.,OVC,14,0.561973,100.136,97.9894,65.2326,-1.9392061006809,2021
Iona,MAAC,15,0.554896,100.87,98.9546,67.8054,-3.1920167975361,2021
Drexel,CAA,16,0.549057,106.678,104.868,64.0715,-4.4857000587518,2021
Cleveland St.,Horz,15,0.463265,100.499,101.794,65.9943,-2.6787413287451,2021
Hartford,AE,16,0.440773,97.1029,99.1336,67.0408,-4.8705868150587,2021
Norfolk St.,MEAC,16,0.386006,98.204,102.248,67.5873,-5.0406857037594,2021
Texas Southern,SWAC,16,0.353595,98.102,103.386,71.1344,-4.3500481849486,2021
Mount St. Mary's,NEC,16,0.339313,95.2892,100.974,61.6571,-7.2273080983238,2021
Appalachian St.,SB,16,0.334348,97.619,103.643,65.1812,-7.6422514238638,2021
Gonzaga,WCC,1,0.966181,120.307,89.8858,72.6459,6.7116753080327,2022
Houston,Amer,5,0.959492,116.537,88.5001,63.7171,6.1537421494548,2022
Kansas,B12,1,0.95802,119.794,91.2679,69.1149,10.409633482509,2022
Texas Tech,B12,3,0.950897,110.513,85.4075,66.3175,6.5720592498421,2022
Baylor,B12,1,0.94907,117.777,91.3267,67.5563,8.907444662592,2022
Duke,ACC,2,0.944015,122.716,95.9874,67.4209,7.185355179902,2022
Tennessee,SEC,3,0.943942,111.291,87.0607,67.3565,7.9553294003553,2022
Villanova,BE,2,0.934586,117.171,92.9801,62.1973,7.2884470219854,2022
Arizona,P12,1,0.934109,118.038,93.7315,72.2585,8.7611592103742,2022
UCLA,P12,4,0.932067,115.836,92.245,65.3691,5.0551181148115,2022
Kentucky,SEC,2,0.929467,119.378,95.3994,67.7708,6.8742753105925,2022
Purdue,B10,3,0.926733,121.592,97.5158,66.0107,7.0131376175952,2022
Iowa,B10,5,0.926521,121.147,97.1854,69.804,4.5490081933238,2022
Auburn,SEC,2,0.922756,111.675,90.0084,69.991,7.4179909373227,2022
Texas,B12,6,0.915167,112.508,91.4877,63.5342,3.357670577577,2022
North Carolina,ACC,8,0.911258,114.43,93.4508,70.0724,4.2584255628482,2022
Memphis,Amer,9,0.902827,112.442,92.6296,70.0358,1.352499398748,2022
Virginia Tech,ACC,11,0.90275,115.562,95.207,63.2914,1.7359456787754,2022
Saint Mary's,WCC,5,0.902421,109.791,90.4816,63.6649,3.9361610137617,2022
Illinois,B10,4,0.894302,111.934,92.9643,67.0872,4.1546464619047,2022
Arkansas,SEC,4,0.88938,108.703,90.6823,70.6275,4.4686369639635,2022
LSU,SEC,6,0.876604,106.312,89.6472,68.6761,2.2850954778668,2022
San Francisco,WCC,10,0.874816,110.173,93.0363,68.953,1.6334337713427,2022
Michigan,B10,11,0.874144,113.894,96.2297,66.4272,0.16406770231255,2022
Connecticut,BE,5,0.870909,113.198,95.8837,65.0338,3.0812132412527,2022
TCU,B12,9,0.869814,108.603,92.0695,65.894,2.9243161294144,2022
San Diego St.,MWC,8,0.867546,102.351,86.9192,65.3021,2.6175163331067,2022
Indiana,B10,12,0.865202,107.683,91.6084,67.2443,0.22420393208431,2022
Ohio St.,B10,7,0.861233,115.459,98.5112,65.1479,1.3272275051205,2022
Alabama,SEC,6,0.861228,115.167,98.2626,71.829,1.9610557142664,2022
Providence,BE,4,0.855359,111.435,95.4779,65.3336,5.8768125486647,2022
Notre Dame,ACC,11,0.854196,112.78,96.7092,65.4006,1.8536579305407,2022
Wisconsin,B10,3,0.851113,108.679,93.3914,66.4175,6.4577464074412,2022
Miami FL,ACC,10,0.846736,113.561,97.8766,67.7136,2.5794312911076,2022
Loyola Chicago,MVC,10,0.84391,106.905,92.3133,64.6008,1.7587738182937,2022
Boise St.,MWC,8,0.843442,107.586,92.9301,64.5215,3.4993082687662,2022
Michigan St.,B10,7,0.840496,111.626,96.606,67.5928,2.8861921827219,2022
Iowa St.,B12,11,0.834586,101.748,88.3905,66.3127,2.8262318412245,2022
Davidson,A10,10,0.825833,115.799,101.141,64.6283,2.1359811123802,2022
Murray St.,OVC,7,0.824084,110.038,96.2111,66.0439,3.5088609927851,2022
Colorado St.,MWC,6,0.819025,111.855,98.0938,65.564,4.3020268533129,2022
Creighton,BE,9,0.815135,104.82,92.1325,66.9885,1.7200096380481,2022
USC,P12,7,0.802098,108.626,96.1802,66.192,4.0894352889367,2022
UAB,CUSA,12,0.800125,111.821,99.115,68.8939,-0.10325094049734,2022
Seton Hall,BE,8,0.800005,105.41,93.4385,67.5793,1.9308616061869,2022
Vermont,AE,13,0.798395,109.688,97.3156,64.833,-0.77032760755444,2022
Marquette,BE,9,0.778738,107.707,96.5439,71.1818,0.55481575114215,2022
Wyoming,MWC,12,0.766091,107.857,97.2852,65.7736,1.9320896713369,2022
Rutgers,B10,11,0.762888,106.602,96.3022,64.9868,-0.70054140102863,2022
New Mexico St.,WAC,12,0.757882,106.031,96.015,66.1306,0.7065604431926,2022
Chattanooga,SC,13,0.755671,107.293,97.259,64.6154,0.19717594431196,2022
South Dakota St.,Sum,13,0.754161,114.07,103.476,69.5977,1.4861891576199,2022
Richmond,A10,12,0.707124,106.946,99.0549,66.6895,-1.6451277488871,2022
Saint Peter's,MAAC,15,0.67863,99.3884,93.1337,65.5766,-5.5667137555349004,2022
Akron,MAC,13,0.604079,105.47,101.665,61.9483,-4.2699417019279,2022
Colgate,Pat,14,0.602647,106.998,103.192,66.9983,-6.1018004589328,2022
Georgia St.,SB,16,0.598259,101.895,98.4269,67.2825,-5.1463171916444,2022
Delaware,CAA,15,0.590818,106.501,103.153,66.6225,-5.4618752157614,2022
Jacksonville St.,ASun,15,0.563765,104.512,102.207,65.1072,-5.221892274927,2022
Longwood,BSth,14,0.554057,105.697,103.72,65.8214,-2.2784810429929,2022
Yale,Ivy,14,0.544903,99.3969,97.8524,68.8501,-4.8660664429185,2022
Montana St.,BSky,14,0.530771,103.582,102.478,67.0527,-2.8316713687437,2022
Cal St. Fullerton,BW,15,0.467474,101.956,103.118,66.0182,-5.0455887401094,2022
Bryant,NEC,16,0.465123,102.868,104.125,72.2805,-4.789364240988,2022
Wright St.,Horz,16,0.461291,104.805,106.229,68.7734,-8.3947325536745,2022
Texas Southern,SWAC,16,0.435602,96.2796,98.4728,68.0559,-6.7717425096377,2022
Norfolk St.,MEAC,16,0.434247,100.66,103.002,66.9631,-3.0816928143509,2022
Texas A&M Corpus Chris,Slnd,16,0.322274,96.3956,102.832,69.2324,-7.6209670157722,2022
Connecticut,BE,4,0.96428,121.478,91.2094,66.7278,5.0331968720965,2023
Alabama,SEC,1,0.954842,116.081,89.0281,72.5515,10.193179464818,2023
Houston,Amer,1,0.953161,117.307,90.2685,63.3592,8.0461906858552,2023
UCLA,P12,2,0.952842,114.914,88.482,66.0718,8.4028705301673,2023
Tennessee,SEC,4,0.940125,111.211,87.5294,65.1467,2.8098131219623,2023
Texas,B12,2,0.93709,116.056,91.7615,68.4842,7.5330586070922,2023
Purdue,B10,1,0.933252,117.87,93.7109,63.9269,9.3898335987218,2023
Arizona,P12,2,0.929196,119.351,95.4127,72.1678,7.5708727126676,2023
Gonzaga,WCC,3,0.925079,123.171,98.9896,70.123,6.6444825178048,2023
Saint Mary's,WCC,5,0.921265,112.063,90.4845,61.9027,3.4037173015439,2023
San Diego St.,MWC,5,0.920477,110.773,89.5269,65.6929,5.6538299587726,2023
Marquette,BE,2,0.919694,118.712,96.0323,68.3803,7.827522283187,2023
Creighton,BE,6,0.917708,115.001,93.2454,67.6823,2.1581527531714,2023
Kansas,B12,1,0.91765,113.792,92.2711,69.0313,10.072110283431,2023
Duke,ACC,5,0.907157,113.301,92.929,64.8711,4.5020397169877,2023
Memphis,Amer,8,0.90301,115.352,95.0097,70.9986,4.7174638571503,2023
Baylor,B12,3,0.899127,121.687,100.608,66.8776,5.2348995004273,2023
West Virginia,B12,9,0.893292,117.244,97.4643,68.4236,1.4557898630677,2023
Arkansas,SEC,8,0.889425,111.904,93.3488,69.5145,0.3775407198016,2023
Xavier,BE,3,0.889041,118.01,98.4761,70.475,5.3587434044862,2023
Auburn,SEC,9,0.882879,113.13,94.9057,67.5984,1.0534773361909,2023
Florida Atlantic,CUSA,9,0.881499,114.026,95.7684,67.4583,4.7187311340594,2023
Texas A&M,SEC,7,0.880812,113.843,95.6691,65.9893,3.6844134825773,2023
Kansas St.,B12,3,0.880324,112.62,94.6798,69.8011,4.2362753605537,2023
Michigan St.,B10,7,0.877126,114.419,96.443,64.5942,2.4260627137112,2023
Kentucky,SEC,6,0.873786,115.653,97.7437,65.7725,1.6142093659037,2023
Miami FL,ACC,5,0.871486,119.142,100.874,68.6488,3.659089326426,2023
TCU,B12,6,0.870423,111.676,94.6298,69.6804,2.2390790126392,2023
Iowa St.,B12,6,0.867825,107.015,90.8612,64.003,2.4067431800361,2023
Utah St.,MWC,10,0.867046,115.385,98.0254,68.6321,2.9490629650411,2023
Maryland,B10,8,0.86583,112.615,95.7592,64.3289,1.0061473159231,2023
Northwestern,B10,7,0.864203,109.738,93.4263,64.5149,1.6036780515875,2023
Virginia,ACC,4,0.859104,110.039,94.0315,61.3226,4.1042568024467,2023
Indiana,B10,4,0.855716,113.084,96.8668,67.8548,3.4255371422149,2023
Penn St.,B10,10,0.854747,117.474,100.695,64.2857,1.3268770771893,2023
Iowa,B10,8,0.838516,119.894,103.894,69.5535,0.34707342567531,2023
Boise St.,MWC,10,0.836141,110.115,95.5645,66.2838,2.1443872446241,2023
USC,P12,10,0.829774,111.752,97.3718,67.9905,2.0737169829822,2023
North Carolina St.,ACC,11,0.827204,113.623,99.1586,69.2279,1.1277882710449,2023
Illinois,B10,9,0.821572,108.906,95.3642,69.775,0.88495574952584,2023
Arizona St.,P12,11,0.820653,108.412,94.983,68.0941,1.2276175357813,2023
Drake,MVC,12,0.815546,108.838,95.641,66.3038,-0.68590884644367,2023
Providence,BE,11,0.812821,114.943,101.164,66.8346,1.3461813137605,2023
VCU,A10,12,0.802588,105.523,93.4075,67.9223,0.97344651954106,2023
Mississippi St.,SEC,11,0.798543,103.436,91.7618,63.5884,0.3623258456724,2023
Missouri,SEC,7,0.793892,117.461,104.464,68.9283,3.5239456510915,2023
Iona,MAAC,13,0.790916,110.308,98.2568,68.5301,-1.6524286663158,2023
College of Charleston,CAA,12,0.786477,109.414,97.6862,70.9733,1.663165186284,2023
Pittsburgh,ACC,11,0.774255,113.11,101.614,67.2483,-0.25167180942044,2023
Kent St.,MAC,13,0.756049,106.992,96.9694,67.7855,0.81679503311934,2023
Nevada,MWC,11,0.75418,109.654,99.469,65.9044,0.65643974201766,2023
Oral Roberts,Sum,12,0.748735,111.758,101.635,70.187,1.5939413248215,2023
Louisiana Lafayette,SB,13,0.729885,110.758,101.586,68.3512,-0.5325855637229,2023
Princeton,Ivy,15,0.70831,109.109,101.008,66.9543,-3.1920276914317,2023
Furman,SC,13,0.698377,112.699,104.764,68.2356,-1.9963977031099,2023
Vermont,AE,15,0.687309,109.725,102.462,64.4893,-3.8259676903695,2023
Montana St.,BSky,14,0.687148,105.149,98.1954,66.252,-2.701330447688,2023
Colgate,Pat,15,0.66072,112.468,106.135,67.4522,-3.6540238349302,2023
Kennesaw St.,ASun,14,0.642814,105.605,100.345,68.4206,-1.4278785268945,2023
Grand Canyon,WAC,14,0.638829,111.342,105.956,64.8602,-3.7618456443942,2023
UC Santa Barbara,BW,14,0.612565,110.029,105.733,64.4429,-1.5134683928884,2023
Northern Kentucky,Horz,16,0.534881,102.593,101.353,61.9152,-6.683943761646,2023
UNC Asheville,BSth,15,0.46565,102.304,103.536,68.2355,-1.8624029908453,2023
Texas A&M Corpus Chris,Slnd,16,0.456579,105.763,107.376,68.9394,-6.0499630992012,2023
Howard,MEAC,16,0.403121,102.696,106.261,68.9945,-7.3195762958545,2023
Fairleigh Dickinson,NEC,16,0.290869,106.128,114.679,68.6231,-12.194627013298,2023
Southeast Missouri St.,OVC,16,0.282342,99.4129,107.813,72.0123,-11.655671558407,2023
Texas Southern,SWAC,16,0.239443,95.3521,105.433,69.1862,-13.489945855124,2023
